계열,청구기호,book_cd,도엽,이미지,지명,x1,y1,x2,y2
광여도,古4790-58,GR33611_00,공주목,GM33611IL0002_007.jpg,각흘치,628,248,842,396
광여도,古4790-58,GR33611_00,공주목,GM33611IL0002_007.jpg,갑사,913,2285,999,2463
광여도,古4790-58,GR33611_00,공주목,GM33611IL0002_007.jpg,객사,827,1418,990,1521
광여도,古4790-58,GR33611_00,공주목,GM33611IL0002_007.jpg,경천역,874,2777,969,2934
광여도,古4790-58,GR33611_00,공주목,GM33611IL0002_007.jpg,계룡산,1031,2652,1259,2768
광여도,古4790-58,GR33611_00,공주목,GM33611IL0002_007.jpg,고등산봉대,1350,879,1516,1042
광여도,古4790-58,GR33611_00,공주목,GM33611IL0002_007.jpg,곡화천면,263,2732,375,2889
광여도,古4790-58,GR33611_00,공주목,GM33611IL0002_007.jpg,관풍루,705,1426,794,1583
광여도,古4790-58,GR33611_00,공주목,GM33611IL0002_007.jpg,광정역,1253,763,1327,917
광여도,古4790-58,GR33611_00,공주목,GM33611IL0002_007.jpg,구칙면,1971,2042,2060,2211
광여도,古4790-58,GR33611_00,공주목,GM33611IL0002_007.jpg,금강진,1318,1237,1421,1450
광여도,古4790-58,GR33611_00,공주목,GM33611IL0002_007.jpg,남부면,317,1906,412,2060
광여도,古4790-58,GR33611_00,공주목,GM33611IL0002_007.jpg,남창,336,2478,455,2552
광여도,古4790-58,GR33611_00,공주목,GM33611IL0002_007.jpg,단평역,283,1039,375,1207
광여도,古4790-58,GR33611_00,공주목,GM33611IL0002_007.jpg,덕현서원,1232,2199,1389,2303
광여도,古4790-58,GR33611_00,공주목,GM33611IL0002_007.jpg,도산서원,1670,2700,1782,2815
광여도,古4790-58,GR33611_00,공주목,GM33611IL0002_007.jpg,동부면,1365,1986,1442,2143
광여도,古4790-58,GR33611_00,공주목,GM33611IL0002_007.jpg,동창,1785,1983,1900,2072
광여도,古4790-58,GR33611_00,공주목,GM33611IL0002_007.jpg,동학사,1093,2347,1247,2457
광여도,古4790-58,GR33611_00,공주목,GM33611IL0002_007.jpg,동혈사,1631,1160,1699,1338
광여도,古4790-58,GR33611_00,공주목,GM33611IL0002_007.jpg,마곡사,821,538,960,636
광여도,古4790-58,GR33611_00,공주목,GM33611IL0002_007.jpg,마척동면,1746,1432,1841,1592
광여도,古4790-58,GR33611_00,공주목,GM33611IL0002_007.jpg,명탄면,1788,2036,1956,2140
광여도,古4790-58,GR33611_00,공주목,GM33611IL0002_007.jpg,목동면,573,2347,659,2525
광여도,古4790-58,GR33611_00,공주목,GM33611IL0002_007.jpg,반탄면,342,2134,446,2303
광여도,古4790-58,GR33611_00,공주목,GM33611IL0002_007.jpg,반탄진,91,2679,209,2883
광여도,古4790-58,GR33611_00,공주목,GM33611IL0002_007.jpg,반포면,1634,2167,1764,2341
광여도,古4790-58,GR33611_00,공주목,GM33611IL0002_007.jpg,보문사,1643,3002,1800,3108
광여도,古4790-58,GR33611_00,공주목,GM33611IL0002_007.jpg,본관,904,1616,957,1723
광여도,古4790-58,GR33611_00,공주목,GM33611IL0002_007.jpg,봉황산,461,1622,552,1841
광여도,古4790-58,GR33611_00,공주목,GM33611IL0002_007.jpg,부유산,2091,1414,2170,1587
광여도,古4790-58,GR33611_00,공주목,GM33611IL0002_007.jpg,북창,1637,754,1732,947
광여도,古4790-58,GR33611_00,공주목,GM33611IL0002_007.jpg,분포창,132,2329,315,2415
광여도,古4790-58,GR33611_00,공주목,GM33611IL0002_007.jpg,사곡면,951,479,1040,627
광여도,古4790-58,GR33611_00,공주목,GM33611IL0002_007.jpg,산내면,1953,2975,2039,3147
광여도,古4790-58,GR33611_00,공주목,GM33611IL0002_007.jpg,산성,806,1056,916,1142
광여도,古4790-58,GR33611_00,공주목,GM33611IL0002_007.jpg,삼기면,2219,1678,2278,1832
광여도,古4790-58,GR33611_00,공주목,GM33611IL0002_007.jpg,서창,274,855,399,947
광여도,古4790-58,GR33611_00,공주목,GM33611IL0002_007.jpg,선화당,703,1580,771,1726
광여도,古4790-58,GR33611_00,공주목,GM33611IL0002_007.jpg,성두면,239,1430,331,1598
광여도,古4790-58,GR33611_00,공주목,GM33611IL0002_007.jpg,소학산,1285,1868,1504,1980
광여도,古4790-58,GR33611_00,공주목,GM33611IL0002_007.jpg,신상면,183,509,271,680
광여도,古4790-58,GR33611_00,공주목,GM33611IL0002_007.jpg,신원사,626,2765,724,2901
광여도,古4790-58,GR33611_00,공주목,GM33611IL0002_007.jpg,신하면,165,965,239,1125
광여도,古4790-58,GR33611_00,공주목,GM33611IL0002_007.jpg,쌍령산봉대,1740,290,1912,473
광여도,古4790-58,GR33611_00,공주목,GM33611IL0002_007.jpg,쌍수,947,1063,1065,1130
광여도,古4790-58,GR33611_00,공주목,GM33611IL0002_007.jpg,양야리면,2015,1681,2107,1832
광여도,古4790-58,GR33611_00,공주목,GM33611IL0002_007.jpg,와탄진,1711,1589,1886,1671
광여도,古4790-58,GR33611_00,공주목,GM33611IL0002_007.jpg,우영,893,1351,1020,1445
광여도,古4790-58,GR33611_00,공주목,GM33611IL0002_007.jpg,우정면,594,746,774,837
광여도,古4790-58,GR33611_00,공주목,GM33611IL0002_007.jpg,웅진,475,997,582,1130
광여도,古4790-58,GR33611_00,공주목,GM33611IL0002_007.jpg,유구역,414,791,491,949
광여도,古4790-58,GR33611_00,공주목,GM33611IL0002_007.jpg,유등내면,1850,2862,1930,3013
광여도,古4790-58,GR33611_00,공주목,GM33611IL0002_007.jpg,유창,1610,2433,1749,2546
광여도,古4790-58,GR33611_00,공주목,GM33611IL0002_007.jpg,율사,1797,2276,1936,2395
광여도,古4790-58,GR33611_00,공주목,GM33611IL0002_007.jpg,의랑면,1971,959,2048,1133
광여도,古4790-58,GR33611_00,공주목,GM33611IL0002_007.jpg,이인역,183,2572,322,2679
광여도,古4790-58,GR33611_00,공주목,GM33611IL0002_007.jpg,익구곡면,1463,2062,1548,2228
광여도,古4790-58,GR33611_00,공주목,GM33611IL0002_007.jpg,일신역,1445,1305,1537,1456
광여도,古4790-58,GR33611_00,공주목,GM33611IL0002_007.jpg,장대,913,920,987,1042
광여도,古4790-58,GR33611_00,공주목,GM33611IL0002_007.jpg,정안면,1451,651,1545,814
광여도,古4790-58,GR33611_00,공주목,GM33611IL0002_007.jpg,제소,594,1028,710,1103
광여도,古4790-58,GR33611_00,공주목,GM33611IL0002_007.jpg,차령,1888,846,2024,962
광여도,古4790-58,GR33611_00,공주목,GM33611IL0002_007.jpg,창,818,935,907,1042
광여도,古4790-58,GR33611_00,공주목,GM33611IL0002_007.jpg,창강서원,319,3025,487,3176
광여도,古4790-58,GR33611_00,공주목,GM33611IL0002_007.jpg,청림사,608,3031,768,3132
광여도,古4790-58,GR33611_00,공주목,GM33611IL0002_007.jpg,태봉,647,2167,736,2324
광여도,古4790-58,GR33611_00,공주목,GM33611IL0002_007.jpg,판향정,812,1523,966,1591
광여도,古4790-58,GR33611_00,공주목,GM33611IL0002_007.jpg,포개문,846,1600,910,1707
광여도,古4790-58,GR33611_00,공주목,GM33611IL0002_007.jpg,향교,605,1287,741,1376
광여도,古4790-58,GR33611_00,공주목,GM33611IL0002_007.jpg,향지사,393,2729,520,2815
광여도,古4790-58,GR33611_00,공주목,GM33611IL0002_007.jpg,현내면,1811,2451,1968,2531
광여도,古4790-58,GR33611_00,금산군,GM33611IL0003_031.jpg,가정원,1746,2135,1901,2205
광여도,古4790-58,GR33611_00,금산군,GM33611IL0003_031.jpg,객사,960,2251,1103,2324
광여도,古4790-58,GR33611_00,금산군,GM33611IL0003_031.jpg,고제봉순?비,666,1312,964,1409
광여도,古4790-58,GR33611_00,금산군,GM33611IL0003_031.jpg,군북면,1328,1181,1409,1324
광여도,古4790-58,GR33611_00,금산군,GM33611IL0003_031.jpg,군이면,1359,2077,1433,2235
광여도,古4790-58,GR33611_00,금산군,GM33611IL0003_031.jpg,군일면,693,1896,790,2065
광여도,古4790-58,GR33611_00,금산군,GM33611IL0003_031.jpg,남이면,1061,2425,1130,2587
광여도,古4790-58,GR33611_00,금산군,GM33611IL0003_031.jpg,남일면,1367,2332,1448,2513
광여도,古4790-58,GR33611_00,금산군,GM33611IL0003_031.jpg,동일면,1297,1652,1386,1803
광여도,古4790-58,GR33611_00,금산군,GM33611IL0003_031.jpg,백자치,193,2672,290,2830
광여도,古4790-58,GR33611_00,금산군,GM33611IL0003_031.jpg,보석사,1200,2471,1367,2560
광여도,古4790-58,GR33611_00,금산군,GM33611IL0003_031.jpg,부남면,1483,2440,1560,2614
광여도,古4790-58,GR33611_00,금산군,GM33611IL0003_031.jpg,부동면,1901,2050,1979,2208
광여도,古4790-58,GR33611_00,금산군,GM33611IL0003_031.jpg,부북면,1556,733,1642,888
광여도,古4790-58,GR33611_00,금산군,GM33611IL0003_031.jpg,부서면,1905,1610,1994,1780
광여도,古4790-58,GR33611_00,금산군,GM33611IL0003_031.jpg,서대산,1394,417,1591,525
광여도,古4790-58,GR33611_00,금산군,GM33611IL0003_031.jpg,서이면,1165,919,1262,1073
광여도,古4790-58,GR33611_00,금산군,GM33611IL0003_031.jpg,서일면,317,1100,441,1301
광여도,古4790-58,GR33611_00,금산군,GM33611IL0003_031.jpg,성곡서원,526,2096,704,2185
광여도,古4790-58,GR33611_00,금산군,GM33611IL0003_031.jpg,송치,1510,2776,1607,2907
광여도,古4790-58,GR33611_00,금산군,GM33611IL0003_031.jpg,신치,1096,513,1266,606
광여도,古4790-58,GR33611_00,금산군,GM33611IL0003_031.jpg,아,1041,1872,1111,1973
광여도,古4790-58,GR33611_00,금산군,GM33611IL0003_031.jpg,월봉산,309,2143,468,2228
광여도,古4790-58,GR33611_00,금산군,GM33611IL0003_031.jpg,의총,991,969,1130,1069
광여도,古4790-58,GR33611_00,금산군,GM33611IL0003_031.jpg,제원역,1677,1046,1746,1258
광여도,古4790-58,GR33611_00,금산군,GM33611IL0003_031.jpg,종객당,902,1154,1080,1270
광여도,古4790-58,GR33611_00,금산군,GM33611IL0003_031.jpg,창,805,2023,883,2112
광여도,古4790-58,GR33611_00,금산군,GM33611IL0003_031.jpg,향교,1057,1594,1204,1699
광여도,古4790-58,GR33611_00,금산군,GM33611IL0003_031.jpg,험애,426,679,515,841
광여도,古4790-58,GR33611_00,금산군,GM33611IL0003_031.jpg,험애,2029,2081,2161,2174
광여도,古4790-58,GR33611_00,문의현,GM33611IL0002_037.jpg,강정,181,1254,330,1370
광여도,古4790-58,GR33611_00,문의현,GM33611IL0002_037.jpg,객사,1453,2059,1632,2165
광여도,古4790-58,GR33611_00,문의현,GM33611IL0002_037.jpg,검담서원,551,652,726,824
광여도,古4790-58,GR33611_00,문의현,GM33611IL0002_037.jpg,노봉서원,677,1873,786,2026
광여도,古4790-58,GR33611_00,문의현,GM33611IL0002_037.jpg,대간봉,2232,2522,2305,2747
광여도,古4790-58,GR33611_00,문의현,GM33611IL0002_037.jpg,대담,152,2655,241,2784
광여도,古4790-58,GR33611_00,문의현,GM33611IL0002_037.jpg,대룡혈,1450,2771,1632,2877
광여도,古4790-58,GR33611_00,문의현,GM33611IL0002_037.jpg,대명산,1923,966,2045,1148
광여도,古4790-58,GR33611_00,문의현,GM33611IL0002_037.jpg,덕유역,588,2046,703,2224
광여도,古4790-58,GR33611_00,문의현,GM33611IL0002_037.jpg,동면,1771,2534,1850,2707
광여도,古4790-58,GR33611_00,문의현,GM33611IL0002_037.jpg,매포,191,787,274,953
광여도,古4790-58,GR33611_00,문의현,GM33611IL0002_037.jpg,백천,1232,357,1401,483
광여도,古4790-58,GR33611_00,문의현,GM33611IL0002_037.jpg,봉,1910,2208,2022,2347
광여도,古4790-58,GR33611_00,문의현,GM33611IL0002_037.jpg,부용강,393,364,713,519
광여도,古4790-58,GR33611_00,문의현,GM33611IL0002_037.jpg,북면,2045,1337,2154,1489
광여도,古4790-58,GR33611_00,문의현,GM33611IL0002_037.jpg,사암동,1225,2976,1391,3072
광여도,古4790-58,GR33611_00,문의현,GM33611IL0002_037.jpg,삼도면,1107,860,1196,1039
광여도,古4790-58,GR33611_00,문의현,GM33611IL0002_037.jpg,성현,498,2628,664,2728
광여도,古4790-58,GR33611_00,문의현,GM33611IL0002_037.jpg,시탈치,1579,2983,1764,3079
광여도,古4790-58,GR33611_00,문의현,GM33611IL0002_037.jpg,신탄진,343,1794,515,1960
광여도,古4790-58,GR33611_00,문의현,GM33611IL0002_037.jpg,아,1282,2099,1401,2208
광여도,古4790-58,GR33611_00,문의현,GM33611IL0002_037.jpg,양성산,1320,1652,1478,1765
광여도,古4790-58,GR33611_00,문의현,GM33611IL0002_037.jpg,연자담,137,2805,297,2957
광여도,古4790-58,GR33611_00,문의현,GM33611IL0002_037.jpg,왕묘동,717,3065,872,3161
광여도,古4790-58,GR33611_00,문의현,GM33611IL0002_037.jpg,월굴봉,710,2403,898,2516
광여도,古4790-58,GR33611_00,문의현,GM33611IL0002_037.jpg,월리사,707,2926,865,3029
광여도,古4790-58,GR33611_00,문의현,GM33611IL0002_037.jpg,율현,1873,1943,2022,2059
광여도,古4790-58,GR33611_00,문의현,GM33611IL0002_037.jpg,읍내면,1496,2181,1596,2334
광여도,古4790-58,GR33611_00,문의현,GM33611IL0002_037.jpg,이도면,409,877,492,1049
광여도,古4790-58,GR33611_00,문의현,GM33611IL0002_037.jpg,일도면,594,1665,674,1840
광여도,古4790-58,GR33611_00,문의현,GM33611IL0002_037.jpg,저자산,2062,1529,2260,1655
광여도,古4790-58,GR33611_00,문의현,GM33611IL0002_037.jpg,제,2042,2003,2151,2118
광여도,古4790-58,GR33611_00,문의현,GM33611IL0002_037.jpg,제,2114,1721,2227,1847
광여도,古4790-58,GR33611_00,문의현,GM33611IL0002_037.jpg,증산,869,1006,1027,1119
광여도,古4790-58,GR33611_00,문의현,GM33611IL0002_037.jpg,창,1110,2291,1219,2403
광여도,古4790-58,GR33611_00,문의현,GM33611IL0002_037.jpg,태봉,1232,2714,1371,2814
광여도,古4790-58,GR33611_00,문의현,GM33611IL0002_037.jpg,향교,1153,1807,1262,1956
광여도,古4790-58,GR33611_00,문의현,GM33611IL0002_037.jpg,현사,363,2072,502,2185
광여도,古4790-58,GR33611_00,문의현,GM33611IL0002_037.jpg,형강진,139,2300,225,2460
광여도,古4790-58,GR33611_00,문의현,GM33611IL0002_037.jpg,화계,479,2946,588,3092
광여도,古4790-58,GR33611_00,연기현,GM33611IL0002_097.jpg,객사,1263,1615,1396,1734
광여도,古4790-58,GR33611_00,연기현,GM33611IL0002_097.jpg,남면,587,2000,702,2160
광여도,古4790-58,GR33611_00,연기현,GM33611IL0002_097.jpg,대박산,1525,1270,1673,1463
광여도,古4790-58,GR33611_00,연기현,GM33611IL0002_097.jpg,동이면,2091,1763,2183,1930
광여도,古4790-58,GR33611_00,연기현,GM33611IL0002_097.jpg,동일면,2124,2330,2242,2504
광여도,古4790-58,GR33611_00,연기현,GM33611IL0002_097.jpg,동진,1485,1734,1636,1893
광여도,古4790-58,GR33611_00,연기현,GM33611IL0002_097.jpg,둔덕산,594,1174,694,1348
광여도,古4790-58,GR33611_00,연기현,GM33611IL0002_097.jpg,봉암,1625,1593,1803,1745
광여도,古4790-58,GR33611_00,연기현,GM33611IL0002_097.jpg,북삼면,702,666,812,837
광여도,古4790-58,GR33611_00,연기현,GM33611IL0002_097.jpg,북이면,1444,1015,1544,1170
광여도,古4790-58,GR33611_00,연기현,GM33611IL0002_097.jpg,북일면,1858,1030,1976,1200
광여도,古4790-58,GR33611_00,연기현,GM33611IL0002_097.jpg,삼기,469,2756,591,2908
광여도,古4790-58,GR33611_00,연기현,GM33611IL0002_097.jpg,석현,369,922,469,1104
광여도,古4790-58,GR33611_00,연기현,GM33611IL0002_097.jpg,소학동,353,1920,461,2136
광여도,古4790-58,GR33611_00,연기현,GM33611IL0002_097.jpg,송치,532,555,653,715
광여도,古4790-58,GR33611_00,연기현,GM33611IL0002_097.jpg,아,997,1244,1115,1352
광여도,古4790-58,GR33611_00,연기현,GM33611IL0002_097.jpg,양인동,2199,1797,2317,2026
광여도,古4790-58,GR33611_00,연기현,GM33611IL0002_097.jpg,용수산,939,2376,1155,2477
광여도,古4790-58,GR33611_00,연기현,GM33611IL0002_097.jpg,원수산,888,2652,987,2805
광여도,古4790-58,GR33611_00,연기현,GM33611IL0002_097.jpg,읍내면,1252,1719,1352,1889
광여도,古4790-58,GR33611_00,연기현,GM33611IL0002_097.jpg,장산,2179,1552,2342,1678
광여도,古4790-58,GR33611_00,연기현,GM33611IL0002_097.jpg,전당,1924,1500,2061,1671
광여도,古4790-58,GR33611_00,연기현,GM33611IL0002_097.jpg,전암,1422,2293,1592,2426
광여도,古4790-58,GR33611_00,연기현,GM33611IL0002_097.jpg,전월봉,1008,2708,1200,2823
광여도,古4790-58,GR33611_00,연기현,GM33611IL0002_097.jpg,참산,1902,1378,2039,1489
광여도,古4790-58,GR33611_00,연기현,GM33611IL0002_097.jpg,창,1101,1789,1197,1900
광여도,古4790-58,GR33611_00,연기현,GM33611IL0002_097.jpg,태천,690,1174,768,1337
광여도,古4790-58,GR33611_00,연기현,GM33611IL0002_097.jpg,합강,1359,2504,1485,2612
광여도,古4790-58,GR33611_00,연산현,GM33611IL0002_067.jpg,개태치,1641,1922,1755,2146
광여도,古4790-58,GR33611_00,연산현,GM33611IL0002_067.jpg,객사,848,2010,995,2132
광여도,古4790-58,GR33611_00,연산현,GM33611IL0002_067.jpg,계룡산,1751,408,2019,541
광여도,古4790-58,GR33611_00,연산현,GM33611IL0002_067.jpg,구산서원,664,651,855,832
광여도,古4790-58,GR33611_00,연산현,GM33611IL0002_067.jpg,당돌치,1142,2949,1241,3159
광여도,古4790-58,GR33611_00,연산현,GM33611IL0002_067.jpg,두마면,2030,1506,2144,1671
광여도,古4790-58,GR33611_00,연산현,GM33611IL0002_067.jpg,모촌면,763,2507,866,2680
광여도,古4790-58,GR33611_00,연산현,GM33611IL0002_067.jpg,백석면,782,979,885,1137
광여도,古4790-58,GR33611_00,연산현,GM33611IL0002_067.jpg,벌곡면,1843,2452,1938,2643
광여도,古4790-58,GR33611_00,연산현,GM33611IL0002_067.jpg,부인처면,257,880,359,1045
광여도,古4790-58,GR33611_00,연산현,GM33611IL0002_067.jpg,서원,392,2003,528,2179
광여도,古4790-58,GR33611_00,연산현,GM33611IL0002_067.jpg,서원,525,1152,631,1325
광여도,古4790-58,GR33611_00,연산현,GM33611IL0002_067.jpg,수락암,436,1719,587,1911
광여도,古4790-58,GR33611_00,연산현,GM33611IL0002_067.jpg,식한면,1509,1005,1634,1182
광여도,古4790-58,GR33611_00,연산현,GM33611IL0002_067.jpg,신대,1784,574,1983,714
광여도,古4790-58,GR33611_00,연산현,GM33611IL0002_067.jpg,아,892,2161,976,2283
광여도,古4790-58,GR33611_00,연산현,GM33611IL0002_067.jpg,양정치,1792,1218,1909,1458
광여도,古4790-58,GR33611_00,연산현,GM33611IL0002_067.jpg,외성면,348,1123,459,1296
광여도,古4790-58,GR33611_00,연산현,GM33611IL0002_067.jpg,적사곡면,275,1973,381,2154
광여도,古4790-58,GR33611_00,연산현,GM33611IL0002_067.jpg,창,833,1752,929,1859
광여도,古4790-58,GR33611_00,연산현,GM33611IL0002_067.jpg,평천역,337,1314,440,1509
광여도,古4790-58,GR33611_00,연산현,GM33611IL0002_067.jpg,한삼천,1652,2356,1770,2581
광여도,古4790-58,GR33611_00,연산현,GM33611IL0002_067.jpg,해창,198,747,319,843
광여도,古4790-58,GR33611_00,연산현,GM33611IL0002_067.jpg,향교,1006,1414,1134,1587
광여도,古4790-58,GR33611_00,연산현,GM33611IL0002_067.jpg,현내면,811,2157,903,2319
광여도,古4790-58,GR33611_00,연산현,GM33611IL0002_067.jpg,황산령,1505,2434,1597,2658
광여도,古4790-58,GR33611_00,옥천군,GM33611IL0002_033.jpg,가화역,598,1579,693,1774
광여도,古4790-58,GR33611_00,옥천군,GM33611IL0002_033.jpg,객사,766,1253,912,1358
광여도,古4790-58,GR33611_00,옥천군,GM33611IL0002_033.jpg,구둔치,1338,1708,1546,1807
광여도,古4790-58,GR33611_00,옥천군,GM33611IL0002_033.jpg,군남면,786,1639,885,1823
광여도,古4790-58,GR33611_00,옥천군,GM33611IL0002_033.jpg,군동면,1870,1219,1946,1368
광여도,古4790-58,GR33611_00,옥천군,GM33611IL0002_033.jpg,군북면,508,603,601,781
광여도,古4790-58,GR33611_00,옥천군,GM33611IL0002_033.jpg,군서면,208,1375,307,1540
광여도,古4790-58,GR33611_00,옥천군,GM33611IL0002_033.jpg,마성산,657,887,832,986
광여도,古4790-58,GR33611_00,옥천군,GM33611IL0002_033.jpg,비봉산,594,2506,793,2615
광여도,古4790-58,GR33611_00,옥천군,GM33611IL0002_033.jpg,서대산,118,1625,294,1718
광여도,古4790-58,GR33611_00,옥천군,GM33611IL0002_033.jpg,순양역,578,2803,690,2964
광여도,古4790-58,GR33611_00,옥천군,GM33611IL0002_033.jpg,아,588,1137,680,1243
광여도,古4790-58,GR33611_00,옥천군,GM33611IL0002_033.jpg,안남면,2164,1662,2256,1823
광여도,古4790-58,GR33611_00,옥천군,GM33611IL0002_033.jpg,안내면,2164,804,2247,986
광여도,古4790-58,GR33611_00,옥천군,GM33611IL0002_033.jpg,안읍창,1986,811,2062,963
광여도,古4790-58,GR33611_00,옥천군,GM33611IL0002_033.jpg,양남면,574,2651,746,2750
광여도,古4790-58,GR33611_00,옥천군,GM33611IL0002_033.jpg,양내면,958,2760,1047,2928
광여도,古4790-58,GR33611_00,옥천군,GM33611IL0002_033.jpg,양산창,707,2895,859,3007
광여도,古4790-58,GR33611_00,옥천군,GM33611IL0002_033.jpg,월이산봉,1027,1817,1192,1992
광여도,古4790-58,GR33611_00,옥천군,GM33611IL0002_033.jpg,읍내면,707,1345,799,1510
광여도,古4790-58,GR33611_00,옥천군,GM33611IL0002_033.jpg,이남면,796,2077,905,2245
광여도,古4790-58,GR33611_00,옥천군,GM33611IL0002_033.jpg,이내면,1609,2325,1701,2493
광여도,古4790-58,GR33611_00,옥천군,GM33611IL0002_033.jpg,이산창,1414,2183,1586,2295
광여도,古4790-58,GR33611_00,옥천군,GM33611IL0002_033.jpg,적등진,1777,2308,1903,2516
광여도,古4790-58,GR33611_00,옥천군,GM33611IL0002_033.jpg,증약역,191,676,290,854
광여도,古4790-58,GR33611_00,옥천군,GM33611IL0002_033.jpg,지륵산,248,2084,465,2174
광여도,古4790-58,GR33611_00,옥천군,GM33611IL0002_033.jpg,창,518,1266,627,1381
광여도,古4790-58,GR33611_00,옥천군,GM33611IL0002_033.jpg,토타역,1255,1916,1371,2097
광여도,古4790-58,GR33611_00,옥천군,GM33611IL0002_033.jpg,향교,1305,1421,1437,1563
광여도,古4790-58,GR33611_00,옥천군,GM33611IL0002_033.jpg,호탄진,1159,2278,1265,2493
광여도,古4790-58,GR33611_00,옥천군,GM33611IL0002_033.jpg,화인역,2045,778,2144,963
광여도,古4790-58,GR33611_00,옥천군,GM33611IL0002_033.jpg,환산봉,142,458,343,613
광여도,古4790-58,GR33611_00,옥천군,GM33611IL0002_033.jpg,환선루,1044,2602,1229,2734
광여도,古4790-58,GR33611_00,은진현,GM33611IL0002_061.jpg,가야곡면,1444,1235,1529,1398
광여도,古4790-58,GR33611_00,은진현,GM33611IL0002_061.jpg,갈마동면,1573,1180,1670,1350
광여도,古4790-58,GR33611_00,은진현,GM33611IL0002_061.jpg,갈마산,1622,936,1851,1047
광여도,古4790-58,GR33611_00,은진현,GM33611IL0002_061.jpg,강경산,439,2549,635,2668
광여도,古4790-58,GR33611_00,은진현,GM33611IL0002_061.jpg,강경산봉,321,2035,495,2172
광여도,古4790-58,GR33611_00,은진현,GM33611IL0002_061.jpg,강창,280,2353,435,2486
광여도,古4790-58,GR33611_00,은진현,GM33611IL0002_061.jpg,객사,993,1783,1137,1876
광여도,古4790-58,GR33611_00,은진현,GM33611IL0002_061.jpg,건지산,1300,1102,1381,1280
광여도,古4790-58,GR33611_00,은진현,GM33611IL0002_061.jpg,관독사,1145,984,1278,1139
광여도,古4790-58,GR33611_00,은진현,GM33611IL0002_061.jpg,구자곡면,1658,2801,1758,2967
광여도,古4790-58,GR33611_00,은진현,GM33611IL0002_061.jpg,금곡사우,1219,2586,1322,2745
광여도,古4790-58,GR33611_00,은진현,GM33611IL0002_061.jpg,김포면,498,2209,605,2379
광여도,古4790-58,GR33611_00,은진현,GM33611IL0002_061.jpg,남항교,1101,2172,1285,2294
광여도,古4790-58,GR33611_00,은진현,GM33611IL0002_061.jpg,논산교,443,743,665,888
광여도,古4790-58,GR33611_00,은진현,GM33611IL0002_061.jpg,대조곡면,1259,1754,1370,1909
광여도,古4790-58,GR33611_00,은진현,GM33611IL0002_061.jpg,도곡면,894,2261,982,2423
광여도,古4790-58,GR33611_00,은진현,GM33611IL0002_061.jpg,두상면,1840,1328,1936,1502
광여도,古4790-58,GR33611_00,은진현,GM33611IL0002_061.jpg,두하면,1751,1483,1836,1672
광여도,古4790-58,GR33611_00,은진현,GM33611IL0002_061.jpg,미라교,1282,2867,1429,3004
광여도,古4790-58,GR33611_00,은진현,GM33611IL0002_061.jpg,반야산,896,902,1065,986
광여도,古4790-58,GR33611_00,은진현,GM33611IL0002_061.jpg,백화산봉,317,958,487,1136
광여도,古4790-58,GR33611_00,은진현,GM33611IL0002_061.jpg,불명산,2135,1809,2239,2001
광여도,古4790-58,GR33611_00,은진현,GM33611IL0002_061.jpg,사우,1718,1180,1843,1280
광여도,古4790-58,GR33611_00,은진현,GM33611IL0002_061.jpg,성본면,484,1158,576,1339
광여도,古4790-58,GR33611_00,은진현,GM33611IL0002_061.jpg,송산면,801,1228,897,1384
광여도,古4790-58,GR33611_00,은진현,GM33611IL0002_061.jpg,쌍계사,2069,1650,2209,1772
광여도,古4790-58,GR33611_00,은진현,GM33611IL0002_061.jpg,아,853,1606,968,1705
광여도,古4790-58,GR33611_00,은진현,GM33611IL0002_061.jpg,원항교,576,2220,742,2323
광여도,古4790-58,GR33611_00,은진현,GM33611IL0002_061.jpg,정토산,1703,2335,1936,2460
광여도,古4790-58,GR33611_00,은진현,GM33611IL0002_061.jpg,제,365,1483,480,1587
광여도,古4790-58,GR33611_00,은진현,GM33611IL0002_061.jpg,제,376,1206,469,1295
광여도,古4790-58,GR33611_00,은진현,GM33611IL0002_061.jpg,제,469,1650,561,1761
광여도,古4790-58,GR33611_00,은진현,GM33611IL0002_061.jpg,제,509,2890,613,3019
광여도,古4790-58,GR33611_00,은진현,GM33611IL0002_061.jpg,제,594,1809,709,1920
광여도,古4790-58,GR33611_00,은진현,GM33611IL0002_061.jpg,제,694,1080,786,1184
광여도,古4790-58,GR33611_00,은진현,GM33611IL0002_061.jpg,제,790,2305,871,2390
광여도,古4790-58,GR33611_00,은진현,GM33611IL0002_061.jpg,제,823,2434,901,2516
광여도,古4790-58,GR33611_00,은진현,GM33611IL0002_061.jpg,제,997,2490,1060,2590
광여도,古4790-58,GR33611_00,은진현,GM33611IL0002_061.jpg,제,1160,1879,1282,1979
광여도,古4790-58,GR33611_00,은진현,GM33611IL0002_061.jpg,제,1167,2760,1296,2849
광여도,古4790-58,GR33611_00,은진현,GM33611IL0002_061.jpg,제,1267,2338,1374,2431
광여도,古4790-58,GR33611_00,은진현,GM33611IL0002_061.jpg,제,1296,1946,1392,2046
광여도,古4790-58,GR33611_00,은진현,GM33611IL0002_061.jpg,제,1463,1661,1529,1754
광여도,古4790-58,GR33611_00,은진현,GM33611IL0002_061.jpg,제,1511,1865,1599,1983
광여도,古4790-58,GR33611_00,은진현,GM33611IL0002_061.jpg,죽림면,1555,1602,1640,1768
광여도,古4790-58,GR33611_00,은진현,GM33611IL0002_061.jpg,중화재,1828,1099,1910,1295
광여도,古4790-58,GR33611_00,은진현,GM33611IL0002_061.jpg,창,742,1702,835,1809
광여도,古4790-58,GR33611_00,은진현,GM33611IL0002_061.jpg,채운면,391,2812,491,2978
광여도,古4790-58,GR33611_00,은진현,GM33611IL0002_061.jpg,채운산,653,3001,757,3145
광여도,古4790-58,GR33611_00,은진현,GM33611IL0002_061.jpg,화산면,661,1994,750,2172
광여도,古4790-58,GR33611_00,은진현,GM33611IL0002_061.jpg,화지산면,650,895,742,1054
광여도,古4790-58,GR33611_00,이산현,GM33611IL0002_069.jpg,객사,1241,1847,1386,1959
광여도,古4790-58,GR33611_00,이산현,GM33611IL0002_069.jpg,계룡산,1940,951,2141,1111
광여도,古4790-58,GR33611_00,이산현,GM33611IL0002_069.jpg,고산성,1068,882,1172,1045
광여도,古4790-58,GR33611_00,이산현,GM33611IL0002_069.jpg,공자영당,1535,1554,1669,1721
광여도,古4790-58,GR33611_00,이산현,GM33611IL0002_069.jpg,광석면,609,2676,713,2836
광여도,古4790-58,GR33611_00,이산현,GM33611IL0002_069.jpg,노강서원,712,2201,846,2369
광여도,古4790-58,GR33611_00,이산현,GM33611IL0002_069.jpg,노어산,1182,901,1284,1021
광여도,古4790-58,GR33611_00,이산현,GM33611IL0002_069.jpg,동헌,929,1732,1029,1888
광여도,古4790-58,GR33611_00,이산현,GM33611IL0002_069.jpg,두사면,1542,2275,1728,2390
광여도,古4790-58,GR33611_00,이산현,GM33611IL0002_069.jpg,득이면,462,2177,548,2332
광여도,古4790-58,GR33611_00,이산현,GM33611IL0002_069.jpg,봉대,1453,1096,1542,1245
광여도,古4790-58,GR33611_00,이산현,GM33611IL0002_069.jpg,비봉산,658,1632,762,1859
광여도,古4790-58,GR33611_00,이산현,GM33611IL0002_069.jpg,상도면,2000,1896,2093,2070
광여도,古4790-58,GR33611_00,이산현,GM33611IL0002_069.jpg,석교,1836,2301,1955,2457
광여도,古4790-58,GR33611_00,이산현,GM33611IL0002_069.jpg,소사면,226,1598,323,1773
광여도,古4790-58,GR33611_00,이산현,GM33611IL0002_069.jpg,아,1104,1546,1241,1669
광여도,古4790-58,GR33611_00,이산현,GM33611IL0002_069.jpg,오산,252,2680,405,2799
광여도,古4790-58,GR33611_00,이산현,GM33611IL0002_069.jpg,우교,375,1442,490,1595
광여도,古4790-58,GR33611_00,이산현,GM33611IL0002_069.jpg,월오동면,1680,1557,1773,1743
광여도,古4790-58,GR33611_00,이산현,GM33611IL0002_069.jpg,읍내면,1390,1944,1453,2111
광여도,古4790-58,GR33611_00,이산현,GM33611IL0002_069.jpg,장차동면,863,2136,976,2308
광여도,古4790-58,GR33611_00,이산현,GM33611IL0002_069.jpg,창,1245,1706,1330,1818
광여도,古4790-58,GR33611_00,이산현,GM33611IL0002_069.jpg,천동면,1304,2453,1453,2569
광여도,古4790-58,GR33611_00,이산현,GM33611IL0002_069.jpg,초포교,773,2784,992,2892
광여도,古4790-58,GR33611_00,이산현,GM33611IL0002_069.jpg,판치령,1747,457,1851,654
광여도,古4790-58,GR33611_00,이산현,GM33611IL0002_069.jpg,평지요해,1866,1160,1944,1416
광여도,古4790-58,GR33611_00,이산현,GM33611IL0002_069.jpg,하도면,1985,2297,2096,2494
광여도,古4790-58,GR33611_00,이산현,GM33611IL0002_069.jpg,해창,174,2907,356,3071
광여도,古4790-58,GR33611_00,이산현,GM33611IL0002_069.jpg,향교,1412,1609,1516,1751
광여도,古4790-58,GR33611_00,이산현,GM33611IL0002_069.jpg,화곡면,914,791,1011,966
광여도,古4790-58,GR33611_00,진산군,GM33611IL0003_045.jpg,객사,526,2222,662,2315
광여도,古4790-58,GR33611_00,진산군,GM33611IL0003_045.jpg,국산,2211,654,2296,747
광여도,古4790-58,GR33611_00,진산군,GM33611IL0003_045.jpg,남면,1185,2388,1258,2520
광여도,古4790-58,GR33611_00,진산군,GM33611IL0003_045.jpg,대둔산,197,1881,352,1986
광여도,古4790-58,GR33611_00,진산군,GM33611IL0003_045.jpg,대둔암,185,2129,344,2210
광여도,古4790-58,GR33611_00,진산군,GM33611IL0003_045.jpg,동이면,1804,886,1913,1060
광여도,古4790-58,GR33611_00,진산군,GM33611IL0003_045.jpg,동일면,1603,1753,1696,1904
광여도,古4790-58,GR33611_00,진산군,GM33611IL0003_045.jpg,미륵사,1072,782,1243,871
광여도,古4790-58,GR33611_00,진산군,GM33611IL0003_045.jpg,북면,1154,906,1231,1022
광여도,古4790-58,GR33611_00,진산군,GM33611IL0003_045.jpg,서대사,1979,855,2157,956
광여도,古4790-58,GR33611_00,진산군,GM33611IL0003_045.jpg,서대산,2234,751,2304,886
광여도,古4790-58,GR33611_00,진산군,GM33611IL0003_045.jpg,서면,925,1292,1010,1424
광여도,古4790-58,GR33611_00,진산군,GM33611IL0003_045.jpg,신치,871,867,972,998
광여도,古4790-58,GR33611_00,진산군,GM33611IL0003_045.jpg,아,631,2083,724,2164
광여도,古4790-58,GR33611_00,진산군,GM33611IL0003_045.jpg,압치,2152,1567,2238,1703
광여도,古4790-58,GR33611_00,진산군,GM33611IL0003_045.jpg,오대산,174,2578,271,2764
광여도,古4790-58,GR33611_00,진산군,GM33611IL0003_045.jpg,요월루,735,2299,824,2454
광여도,古4790-58,GR33611_00,진산군,GM33611IL0003_045.jpg,이치험애,76,2447,166,2671
광여도,古4790-58,GR33611_00,진산군,GM33611IL0003_045.jpg,창,511,2501,608,2594
광여도,古4790-58,GR33611_00,진산군,GM33611IL0003_045.jpg,천비산,1638,592,1715,727
광여도,古4790-58,GR33611_00,진산군,GM33611IL0003_045.jpg,태조대왕태봉,1584,1014,1704,1161
광여도,古4790-58,GR33611_00,진산군,GM33611IL0003_045.jpg,향교,1022,1695,1158,1773
광여도,古4790-58,GR33611_00,진잠현,GM33611IL0002_065.jpg,객사,1223,1721,1356,1844
광여도,古4790-58,GR33611_00,진잠현,GM33611IL0002_065.jpg,구봉산,624,1877,750,2077
광여도,古4790-58,GR33611_00,진잠현,GM33611IL0002_065.jpg,대천,487,2745,598,2898
광여도,古4790-58,GR33611_00,진잠현,GM33611IL0002_065.jpg,동면,1275,2423,1394,2582
광여도,古4790-58,GR33611_00,진잠현,GM33611IL0002_065.jpg,북면,2089,2107,2200,2296
광여도,古4790-58,GR33611_00,진잠현,GM33611IL0002_065.jpg,산장산,1806,1131,1899,1354
광여도,古4790-58,GR33611_00,진잠현,GM33611IL0002_065.jpg,상남면,408,1703,501,1907
광여도,古4790-58,GR33611_00,진잠현,GM33611IL0002_065.jpg,서면,1635,1001,1736,1161
광여도,古4790-58,GR33611_00,진잠현,GM33611IL0002_065.jpg,소요정,323,949,520,1079
광여도,古4790-58,GR33611_00,진잠현,GM33611IL0002_065.jpg,아,1156,1465,1271,1569
광여도,古4790-58,GR33611_00,진잠현,GM33611IL0002_065.jpg,약사봉,1026,615,1226,883
광여도,古4790-58,GR33611_00,진잠현,GM33611IL0002_065.jpg,연정,832,1384,955,1551
광여도,古4790-58,GR33611_00,진잠현,GM33611IL0002_065.jpg,옥산,765,1658,869,1807
광여도,古4790-58,GR33611_00,진잠현,GM33611IL0002_065.jpg,창,985,1740,1096,1844
광여도,古4790-58,GR33611_00,진잠현,GM33611IL0002_065.jpg,하남면,379,790,475,953
광여도,古4790-58,GR33611_00,진잠현,GM33611IL0002_065.jpg,학운사,1962,1168,2052,1369
광여도,古4790-58,GR33611_00,진잠현,GM33611IL0002_065.jpg,향교,1587,1628,1762,1747
광여도,古4790-58,GR33611_00,회덕현,GM33611IL0002_063.jpg,갑천,896,2553,1017,2704
광여도,古4790-58,GR33611_00,회덕현,GM33611IL0002_063.jpg,객사,965,2057,1134,2193
광여도,古4790-58,GR33611_00,회덕현,GM33611IL0002_063.jpg,계족산,1090,1234,1189,1414
광여도,古4790-58,GR33611_00,회덕현,GM33611IL0002_063.jpg,계치,2166,2160,2273,2318
광여도,古4790-58,GR33611_00,회덕현,GM33611IL0002_063.jpg,내남면,1568,1286,1671,1477
광여도,古4790-58,GR33611_00,회덕현,GM33611IL0002_063.jpg,동면,1531,764,1634,922
광여도,古4790-58,GR33611_00,회덕현,GM33611IL0002_063.jpg,동치,1241,768,1380,896
광여도,古4790-58,GR33611_00,회덕현,GM33611IL0002_063.jpg,미호서원,969,499,1182,672
광여도,古4790-58,GR33611_00,회덕현,GM33611IL0002_063.jpg,봉은암,962,1389,1167,1506
광여도,古4790-58,GR33611_00,회덕현,GM33611IL0002_063.jpg,북면,661,657,767,797
광여도,古4790-58,GR33611_00,회덕현,GM33611IL0002_063.jpg,삼정,1844,1238,1935,1377
광여도,古4790-58,GR33611_00,회덕현,GM33611IL0002_063.jpg,삼정동,1211,488,1303,676
광여도,古4790-58,GR33611_00,회덕현,GM33611IL0002_063.jpg,서림,1186,2179,1277,2355
광여도,古4790-58,GR33611_00,회덕현,GM33611IL0002_063.jpg,서면,235,2304,367,2447
광여도,古4790-58,GR33611_00,회덕현,GM33611IL0002_063.jpg,선암,738,1958,862,2134
광여도,古4790-58,GR33611_00,회덕현,GM33611IL0002_063.jpg,숭현서원,113,2201,326,2300
광여도,古4790-58,GR33611_00,회덕현,GM33611IL0002_063.jpg,식장산,1997,1278,2122,1488
광여도,古4790-58,GR33611_00,회덕현,GM33611IL0002_063.jpg,아,936,1642,1050,1760
광여도,古4790-58,GR33611_00,회덕현,GM33611IL0002_063.jpg,애송치,282,1429,414,1605
광여도,古4790-58,GR33611_00,회덕현,GM33611IL0002_063.jpg,양정,1490,2057,1612,2241
광여도,古4790-58,GR33611_00,회덕현,GM33611IL0002_063.jpg,외남면,2023,1785,2111,1980
광여도,古4790-58,GR33611_00,회덕현,GM33611IL0002_063.jpg,용호서원,738,492,929,672
광여도,古4790-58,GR33611_00,회덕현,GM33611IL0002_063.jpg,읍호정,870,2443,1123,2546
광여도,古4790-58,GR33611_00,회덕현,GM33611IL0002_063.jpg,일도면,1303,463,1388,646
광여도,古4790-58,GR33611_00,회덕현,GM33611IL0002_063.jpg,전민역,198,1616,337,1800
광여도,古4790-58,GR33611_00,회덕현,GM33611IL0002_063.jpg,조산,697,2252,848,2362
광여도,古4790-58,GR33611_00,회덕현,GM33611IL0002_063.jpg,주산,1432,907,1523,1054
광여도,古4790-58,GR33611_00,회덕현,GM33611IL0002_063.jpg,지,249,1921,381,2065
광여도,古4790-58,GR33611_00,회덕현,GM33611IL0002_063.jpg,지,1759,1502,1858,1624
광여도,古4790-58,GR33611_00,회덕현,GM33611IL0002_063.jpg,질치,1252,1300,1373,1477
광여도,古4790-58,GR33611_00,회덕현,GM33611IL0002_063.jpg,창,1215,1602,1310,1723
광여도,古4790-58,GR33611_00,회덕현,GM33611IL0002_063.jpg,청절서원,1667,1227,1792,1403
광여도,古4790-58,GR33611_00,회덕현,GM33611IL0002_063.jpg,평치령,2133,760,2243,988
광여도,古4790-58,GR33611_00,회덕현,GM33611IL0002_063.jpg,향교,653,1488,815,1605
광여도,古4790-58,GR33611_00,회덕현,GM33611IL0002_063.jpg,현내면,528,1965,646,2146
광여도,古4790-58,GR33611_00,회인현,GM33611IL0002_049.jpg,가산,1672,2624,1757,2750
광여도,古4790-58,GR33611_00,회인현,GM33611IL0002_049.jpg,객사,673,1169,825,1299
광여도,古4790-58,GR33611_00,회인현,GM33611IL0002_049.jpg,남면,1546,2465,1627,2617
광여도,古4790-58,GR33611_00,회인현,GM33611IL0002_049.jpg,노성산,1902,2343,2016,2580
광여도,古4790-58,GR33611_00,회인현,GM33611IL0002_049.jpg,묵현,259,1337,354,1521
광여도,古4790-58,GR33611_00,회인현,GM33611IL0002_049.jpg,북면,1217,614,1332,795
광여도,古4790-58,GR33611_00,회인현,GM33611IL0002_049.jpg,사단,921,751,1043,918
광여도,古4790-58,GR33611_00,회인현,GM33611IL0002_049.jpg,서면,432,2110,540,2280
광여도,古4790-58,GR33611_00,회인현,GM33611IL0002_049.jpg,아,451,1188,558,1321
광여도,古4790-58,GR33611_00,회인현,GM33611IL0002_049.jpg,여단,1102,969,1198,1147
광여도,古4790-58,GR33611_00,회인현,GM33611IL0002_049.jpg,왕녀봉,688,1817,899,1928
광여도,古4790-58,GR33611_00,회인현,GM33611IL0002_049.jpg,창,573,1491,695,1606
광여도,古4790-58,GR33611_00,회인현,GM33611IL0002_049.jpg,풍암,558,2787,669,2898
광여도,古4790-58,GR33611_00,회인현,GM33611IL0002_049.jpg,피반령,965,333,1121,455
광여도,古4790-58,GR33611_00,회인현,GM33611IL0002_049.jpg,향교,1524,1510,1694,1628
여지도,古4709-68,GR33496_00,공주목(公州牧),GM33496IL0002_003.jpg,각흘산,768,626,890,824
여지도,古4709-68,GR33496_00,공주목(公州牧),GM33496IL0002_003.jpg,갑사,1064,2864,1192,2956
여지도,古4709-68,GR33496_00,공주목(公州牧),GM33496IL0002_003.jpg,객사,1012,1954,1144,2026
여지도,古4709-68,GR33496_00,공주목(公州牧),GM33496IL0002_003.jpg,경천역,1065,3333,1191,3555
여지도,古4709-68,GR33496_00,공주목(公州牧),GM33496IL0002_003.jpg,계룡산,1197,3231,1419,3359
여지도,古4709-68,GR33496_00,공주목(公州牧),GM33496IL0002_003.jpg,곡화천면,420,3238,528,3452
여지도,古4709-68,GR33496_00,공주목(公州牧),GM33496IL0002_003.jpg,공주목,2494,556,2702,1072
여지도,古4709-68,GR33496_00,공주목(公州牧),GM33496IL0002_003.jpg,관풍루,888,1938,978,2112
여지도,古4709-68,GR33496_00,공주목(公州牧),GM33496IL0002_003.jpg,광정역,1424,1270,1524,1476
여지도,古4709-68,GR33496_00,공주목(公州牧),GM33496IL0002_003.jpg,구칙면,2200,2653,2286,2819
여지도,古4709-68,GR33496_00,공주목(公州牧),GM33496IL0002_003.jpg,금강진,1412,1706,1526,1920
여지도,古4709-68,GR33496_00,공주목(公州牧),GM33496IL0002_003.jpg,남부면,464,2396,596,2614
여지도,古4709-68,GR33496_00,공주목(公州牧),GM33496IL0002_003.jpg,남창,488,3026,618,3134
여지도,古4709-68,GR33496_00,공주목(公州牧),GM33496IL0002_003.jpg,단평역,396,1576,498,1788
여지도,古4709-68,GR33496_00,공주목(公州牧),GM33496IL0002_003.jpg,대흥계,16,1508,158,1822
여지도,古4709-68,GR33496_00,공주목(公州牧),GM33496IL0002_003.jpg,도산서원,1817,3269,2072,3349
여지도,古4709-68,GR33496_00,공주목(公州牧),GM33496IL0002_003.jpg,동부면,1561,2525,1655,2699
여지도,古4709-68,GR33496_00,공주목(公州牧),GM33496IL0002_003.jpg,동창,2010,2523,2164,2613
여지도,古4709-68,GR33496_00,공주목(公州牧),GM33496IL0002_003.jpg,동학사,1246,2922,1476,3040
여지도,古4709-68,GR33496_00,공주목(公州牧),GM33496IL0002_003.jpg,동혈사,1805,1690,1988,1792
여지도,古4709-68,GR33496_00,공주목(公州牧),GM33496IL0002_003.jpg,등고산봉,1587,1338,1777,1522
여지도,古4709-68,GR33496_00,공주목(公州牧),GM33496IL0002_003.jpg,마곡사,926,1058,1134,1158
여지도,古4709-68,GR33496_00,공주목(公州牧),GM33496IL0002_003.jpg,명탄면,1994,2616,2174,2690
여지도,古4709-68,GR33496_00,공주목(公州牧),GM33496IL0002_003.jpg,목동면,702,2888,810,3096
여지도,古4709-68,GR33496_00,공주목(公州牧),GM33496IL0002_003.jpg,문의계,2488,2465,2656,2841
여지도,古4709-68,GR33496_00,공주목(公州牧),GM33496IL0002_003.jpg,반탄면,518,2666,644,2894
여지도,古4709-68,GR33496_00,공주목(公州牧),GM33496IL0002_003.jpg,반탄진,126,3148,230,3386
여지도,古4709-68,GR33496_00,공주목(公州牧),GM33496IL0002_003.jpg,반포면,1950,2729,2040,2885
여지도,古4709-68,GR33496_00,공주목(公州牧),GM33496IL0002_003.jpg,보문사,1871,3581,2064,3679
여지도,古4709-68,GR33496_00,공주목(公州牧),GM33496IL0002_003.jpg,본관,1094,2148,1160,2290
여지도,古4709-68,GR33496_00,공주목(公州牧),GM33496IL0002_003.jpg,봉대,1932,754,2044,918
여지도,古4709-68,GR33496_00,공주목(公州牧),GM33496IL0002_003.jpg,봉황산,626,2104,746,2328
여지도,古4709-68,GR33496_00,공주목(公州牧),GM33496IL0002_003.jpg,부여계,614,3574,756,3856
여지도,古4709-68,GR33496_00,공주목(公州牧),GM33496IL0002_003.jpg,부유산,2330,2047,2420,2201
여지도,古4709-68,GR33496_00,공주목(公州牧),GM33496IL0002_003.jpg,북창,1815,1328,1966,1418
여지도,古4709-68,GR33496_00,공주목(公州牧),GM33496IL0002_003.jpg,분포창,242,2876,460,2976
여지도,古4709-68,GR33496_00,공주목(公州牧),GM33496IL0002_003.jpg,사곡면,1108,910,1230,1130
여지도,古4709-68,GR33496_00,공주목(公州牧),GM33496IL0002_003.jpg,산내면,2182,3565,2274,3757
여지도,古4709-68,GR33496_00,공주목(公州牧),GM33496IL0002_003.jpg,삼기면,2478,2173,2574,2357
여지도,古4709-68,GR33496_00,공주목(公州牧),GM33496IL0002_003.jpg,서창,366,1362,512,1450
여지도,古4709-68,GR33496_00,공주목(公州牧),GM33496IL0002_003.jpg,선화당,882,2148,956,2316
여지도,古4709-68,GR33496_00,공주목(公州牧),GM33496IL0002_003.jpg,성두면,340,1940,454,2168
여지도,古4709-68,GR33496_00,공주목(公州牧),GM33496IL0002_003.jpg,소학도,1518,2286,1614,2460
여지도,古4709-68,GR33496_00,공주목(公州牧),GM33496IL0002_003.jpg,신상면,272,974,380,1184
여지도,古4709-68,GR33496_00,공주목(公州牧),GM33496IL0002_003.jpg,신원사,772,3314,962,3428
여지도,古4709-68,GR33496_00,공주목(公州牧),GM33496IL0002_003.jpg,신창,1817,2993,1990,3103
여지도,古4709-68,GR33496_00,공주목(公州牧),GM33496IL0002_003.jpg,신하면,270,1514,378,1712
여지도,古4709-68,GR33496_00,공주목(公州牧),GM33496IL0002_003.jpg,쌍령산,2060,774,2188,1004
여지도,古4709-68,GR33496_00,공주목(公州牧),GM33496IL0002_003.jpg,쌍수산성,960,1758,1092,1876
여지도,古4709-68,GR33496_00,공주목(公州牧),GM33496IL0002_003.jpg,양야리면,2212,2219,2300,2421
여지도,古4709-68,GR33496_00,공주목(公州牧),GM33496IL0002_003.jpg,연기계,2454,1794,2614,2077
여지도,古4709-68,GR33496_00,공주목(公州牧),GM33496IL0002_003.jpg,연산계,1321,3535,1465,3821
여지도,古4709-68,GR33496_00,공주목(公州牧),GM33496IL0002_003.jpg,예산계,10,642,182,988
여지도,古4709-68,GR33496_00,공주목(公州牧),GM33496IL0002_003.jpg,온양계,350,576,730,708
여지도,古4709-68,GR33496_00,공주목(公州牧),GM33496IL0002_003.jpg,와탄진,1901,2111,2106,2227
여지도,古4709-68,GR33496_00,공주목(公州牧),GM33496IL0002_003.jpg,우영,1064,1868,1216,1954
여지도,古4709-68,GR33496_00,공주목(公州牧),GM33496IL0002_003.jpg,우정면,734,1224,930,1304
여지도,古4709-68,GR33496_00,공주목(公州牧),GM33496IL0002_003.jpg,웅진,610,1552,712,1694
여지도,古4709-68,GR33496_00,공주목(公州牧),GM33496IL0002_003.jpg,웅진제소,744,1534,888,1648
여지도,古4709-68,GR33496_00,공주목(公州牧),GM33496IL0002_003.jpg,월성산봉,1224,2318,1364,2454
여지도,古4709-68,GR33496_00,공주목(公州牧),GM33496IL0002_003.jpg,유구역,514,1232,624,1452
여지도,古4709-68,GR33496_00,공주목(公州牧),GM33496IL0002_003.jpg,유등내면,2066,3427,2154,3597
여지도,古4709-68,GR33496_00,공주목(公州牧),GM33496IL0002_003.jpg,율사,2048,2865,2190,2959
여지도,古4709-68,GR33496_00,공주목(公州牧),GM33496IL0002_003.jpg,의랑면,2186,1448,2300,1670
여지도,古4709-68,GR33496_00,공주목(公州牧),GM33496IL0002_003.jpg,이산계,1043,3557,1173,3819
여지도,古4709-68,GR33496_00,공주목(公州牧),GM33496IL0002_003.jpg,이인역,274,3124,500,3230
여지도,古4709-68,GR33496_00,공주목(公州牧),GM33496IL0002_003.jpg,익구곡면,1697,2593,1805,2777
여지도,古4709-68,GR33496_00,공주목(公州牧),GM33496IL0002_003.jpg,일신역,1605,1778,1707,1972
여지도,古4709-68,GR33496_00,공주목(公州牧),GM33496IL0002_003.jpg,장대창,1010,1422,1142,1532
여지도,古4709-68,GR33496_00,공주목(公州牧),GM33496IL0002_003.jpg,장척동면,2004,1898,2102,2101
여지도,古4709-68,GR33496_00,공주목(公州牧),GM33496IL0002_003.jpg,전의계,2322,1378,2472,1672
여지도,古4709-68,GR33496_00,공주목(公州牧),GM33496IL0002_003.jpg,정산계,38,2794,172,3094
여지도,古4709-68,GR33496_00,공주목(公州牧),GM33496IL0002_003.jpg,정안면,1665,1140,1771,1368
여지도,古4709-68,GR33496_00,공주목(公州牧),GM33496IL0002_003.jpg,진산계,2288,3537,2466,3839
여지도,古4709-68,GR33496_00,공주목(公州牧),GM33496IL0002_003.jpg,차령,2228,1306,2308,1426
여지도,古4709-68,GR33496_00,공주목(公州牧),GM33496IL0002_003.jpg,창강서원,390,3612,634,3702
여지도,古4709-68,GR33496_00,공주목(公州牧),GM33496IL0002_003.jpg,천안계,2222,1026,2346,1306
여지도,古4709-68,GR33496_00,공주목(公州牧),GM33496IL0002_003.jpg,청림사,728,3604,928,3714
여지도,古4709-68,GR33496_00,공주목(公州牧),GM33496IL0002_003.jpg,청양계,12,1958,166,2292
여지도,古4709-68,GR33496_00,공주목(公州牧),GM33496IL0002_003.jpg,충현서원,1460,2786,1652,2926
여지도,古4709-68,GR33496_00,공주목(公州牧),GM33496IL0002_003.jpg,태봉,756,2672,884,2818
여지도,古4709-68,GR33496_00,공주목(公州牧),GM33496IL0002_003.jpg,포정문,1016,2138,1102,2288
여지도,古4709-68,GR33496_00,공주목(公州牧),GM33496IL0002_003.jpg,피향정,960,2042,1150,2130
여지도,古4709-68,GR33496_00,공주목(公州牧),GM33496IL0002_003.jpg,향교,764,1782,928,1874
여지도,古4709-68,GR33496_00,공주목(公州牧),GM33496IL0002_003.jpg,향지사,512,3294,682,3392
여지도,古4709-68,GR33496_00,공주목(公州牧),GM33496IL0002_003.jpg,현내면,2032,2983,2114,3143
여지도,古4709-68,GR33496_00,공주목(公州牧),GM33496IL0002_003.jpg,회덕계,2478,2913,2650,3313
여지도,古4709-68,GR33496_00,금산군(錦山郡),GM33496IL0003_039.jpg,가정원,1871,2793,2110,2932
여지도,古4709-68,GR33496_00,금산군(錦山郡),GM33496IL0003_039.jpg,객사,1084,2769,1253,2903
여지도,古4709-68,GR33496_00,금산군(錦山郡),GM33496IL0003_039.jpg,고산계,0,3428,128,3784
여지도,古4709-68,GR33496_00,금산군(錦山郡),GM33496IL0003_039.jpg,고제봉순절비,792,1883,1078,2069
여지도,古4709-68,GR33496_00,금산군(錦山郡),GM33496IL0003_039.jpg,군북면,1475,1749,1590,1953
여지도,古4709-68,GR33496_00,금산군(錦山郡),GM33496IL0003_039.jpg,군이면,1525,2653,1634,2871
여지도,古4709-68,GR33496_00,금산군(錦山郡),GM33496IL0003_039.jpg,군일면,854,2514,959,2732
여지도,古4709-68,GR33496_00,금산군(錦山郡),GM33496IL0003_039.jpg,금산군,2524,636,2693,1085
여지도,古4709-68,GR33496_00,금산군(錦山郡),GM33496IL0003_039.jpg,남이면,1128,3026,1247,3250
여지도,古4709-68,GR33496_00,금산군(錦山郡),GM33496IL0003_039.jpg,남일면,1488,2953,1613,3158
여지도,古4709-68,GR33496_00,금산군(錦山郡),GM33496IL0003_039.jpg,동일면,1429,2217,1537,2405
여지도,古4709-68,GR33496_00,금산군(錦山郡),GM33496IL0003_039.jpg,무주계,2547,2597,2673,2966
여지도,古4709-68,GR33496_00,금산군(錦山郡),GM33496IL0003_039.jpg,백자치,163,3271,314,3492
여지도,古4709-68,GR33496_00,금산군(錦山郡),GM33496IL0003_039.jpg,범용당,1008,1708,1229,1825
여지도,古4709-68,GR33496_00,금산군(錦山郡),GM33496IL0003_039.jpg,보석사,1334,3107,1503,3282
여지도,古4709-68,GR33496_00,금산군(錦山郡),GM33496IL0003_039.jpg,부남면,1646,3092,1732,3316
여지도,古4709-68,GR33496_00,금산군(錦山郡),GM33496IL0003_039.jpg,부동면,2112,2673,2194,2914
여지도,古4709-68,GR33496_00,금산군(錦山郡),GM33496IL0003_039.jpg,부북면,1722,1247,1838,1478
여지도,古4709-68,GR33496_00,금산군(錦山郡),GM33496IL0003_039.jpg,부서면,2079,2102,2168,2310
여지도,古4709-68,GR33496_00,금산군(錦山郡),GM33496IL0003_039.jpg,서대산,1610,881,1871,1000
여지도,古4709-68,GR33496_00,금산군(錦山郡),GM33496IL0003_039.jpg,서이면,1303,1399,1429,1580
여지도,古4709-68,GR33496_00,금산군(錦山郡),GM33496IL0003_039.jpg,서일면,405,1660,524,1897
여지도,古4709-68,GR33496_00,금산군(錦山郡),GM33496IL0003_039.jpg,성곡서원,588,2769,810,2921
여지도,古4709-68,GR33496_00,금산군(錦山郡),GM33496IL0003_039.jpg,송치,1521,3411,1649,3586
여지도,古4709-68,GR33496_00,금산군(錦山郡),GM33496IL0003_039.jpg,신치,1259,967,1416,1148
여지도,古4709-68,GR33496_00,금산군(錦山郡),GM33496IL0003_039.jpg,아,1171,2489,1317,2618
여지도,古4709-68,GR33496_00,금산군(錦山郡),GM33496IL0003_039.jpg,영동계,2570,2204,2679,2521
여지도,古4709-68,GR33496_00,금산군(錦山郡),GM33496IL0003_039.jpg,옥천계,2270,729,2419,1069
여지도,古4709-68,GR33496_00,금산군(錦山郡),GM33496IL0003_039.jpg,용담계,1247,3749,1533,3994
여지도,古4709-68,GR33496_00,금산군(錦山郡),GM33496IL0003_039.jpg,월봉산,157,2862,408,2997
여지도,古4709-68,GR33496_00,금산군(錦山郡),GM33496IL0003_039.jpg,의총,1037,1527,1224,1644
여지도,古4709-68,GR33496_00,금산군(錦山郡),GM33496IL0003_039.jpg,제원역,1766,1615,1890,1825
여지도,古4709-68,GR33496_00,금산군(錦山郡),GM33496IL0003_039.jpg,진산계,1328,665,1515,927
여지도,古4709-68,GR33496_00,금산군(錦山郡),GM33496IL0003_039.jpg,창,967,2653,1060,2746
여지도,古4709-68,GR33496_00,금산군(錦山郡),GM33496IL0003_039.jpg,향교,1142,2186,1346,2338
여지도,古4709-68,GR33496_00,금산군(錦山郡),GM33496IL0003_039.jpg,험애,512,1241,693,1440
여지도,古4709-68,GR33496_00,금산군(錦山郡),GM33496IL0003_039.jpg,험애,2203,2787,2389,2921
여지도,古4709-68,GR33496_00,문의현(文義縣),GM33496IL0002_037.jpg,강정,206,1561,428,1704
여지도,古4709-68,GR33496_00,문의현(文義縣),GM33496IL0002_037.jpg,객사,1585,2458,1780,2578
여지도,古4709-68,GR33496_00,문의현(文義縣),GM33496IL0002_037.jpg,검담서원,685,1060,880,1285
여지도,古4709-68,GR33496_00,문의현(文義縣),GM33496IL0002_037.jpg,공산계,342,578,514,877
여지도,古4709-68,GR33496_00,문의현(文義縣),GM33496IL0002_037.jpg,남면,841,2904,985,3122
여지도,古4709-68,GR33496_00,문의현(文義縣),GM33496IL0002_037.jpg,노봉서원,782,2182,962,2384
여지도,古4709-68,GR33496_00,문의현(文義縣),GM33496IL0002_037.jpg,대간봉,2360,2889,2516,3211
여지도,古4709-68,GR33496_00,문의현(文義縣),GM33496IL0002_037.jpg,대담,202,3005,334,3157
여지도,古4709-68,GR33496_00,문의현(文義縣),GM33496IL0002_037.jpg,대룡혈,1604,3184,1873,3332
여지도,古4709-68,GR33496_00,문의현(文義縣),GM33496IL0002_037.jpg,대명산,1865,1401,2115,1530
여지도,古4709-68,GR33496_00,문의현(文義縣),GM33496IL0002_037.jpg,덕류역,708,2318,845,2547
여지도,古4709-68,GR33496_00,문의현(文義縣),GM33496IL0002_037.jpg,동면,1916,2916,2072,3165
여지도,古4709-68,GR33496_00,문의현(文義縣),GM33496IL0002_037.jpg,매포,268,1200,420,1370
여지도,古4709-68,GR33496_00,문의현(文義縣),GM33496IL0002_037.jpg,묘암동,1250,3332,1441,3456
여지도,古4709-68,GR33496_00,문의현(文義縣),GM33496IL0002_037.jpg,문의현,2403,454,2613,951
여지도,古4709-68,GR33496_00,문의현(文義縣),GM33496IL0002_037.jpg,백천,1456,706,1667,846
여지도,古4709-68,GR33496_00,문의현(文義縣),GM33496IL0002_037.jpg,봉,2017,2695,2142,2819
여지도,古4709-68,GR33496_00,문의현(文義縣),GM33496IL0002_037.jpg,부용강,514,737,821,893
여지도,古4709-68,GR33496_00,문의현(文義縣),GM33496IL0002_037.jpg,북면,2177,1634,2321,1887
여지도,古4709-68,GR33496_00,문의현(文義縣),GM33496IL0002_037.jpg,삼도면,1234,1172,1339,1405
여지도,古4709-68,GR33496_00,문의현(文義縣),GM33496IL0002_037.jpg,시열치,1569,3378,1807,3510
여지도,古4709-68,GR33496_00,문의현(文義縣),GM33496IL0002_037.jpg,신탄진,416,2112,658,2260
여지도,古4709-68,GR33496_00,문의현(文義縣),GM33496IL0002_037.jpg,아,1417,2512,1530,2625
여지도,古4709-68,GR33496_00,문의현(文義縣),GM33496IL0002_037.jpg,양성산,1452,2003,1663,2155
여지도,古4709-68,GR33496_00,문의현(文義縣),GM33496IL0002_037.jpg,연기계,1709,559,1959,900
여지도,古4709-68,GR33496_00,문의현(文義縣),GM33496IL0002_037.jpg,연자담,175,3141,482,3332
여지도,古4709-68,GR33496_00,문의현(文義縣),GM33496IL0002_037.jpg,왕묘동,860,3444,1008,3658
여지도,古4709-68,GR33496_00,문의현(文義縣),GM33496IL0002_037.jpg,월굴봉,841,2722,1106,2862
여지도,古4709-68,GR33496_00,문의현(文義縣),GM33496IL0002_037.jpg,월리사,806,3281,1071,3429
여지도,古4709-68,GR33496_00,문의현(文義縣),GM33496IL0002_037.jpg,율현,2134,2419,2290,2598
여지도,古4709-68,GR33496_00,문의현(文義縣),GM33496IL0002_037.jpg,읍내면,1581,2555,1698,2780
여지도,古4709-68,GR33496_00,문의현(文義縣),GM33496IL0002_037.jpg,이도면,545,1215,677,1448
여지도,古4709-68,GR33496_00,문의현(文義縣),GM33496IL0002_037.jpg,일도면,669,2000,907,2132
여지도,古4709-68,GR33496_00,문의현(文義縣),GM33496IL0002_037.jpg,저자산,2130,1988,2368,2132
여지도,古4709-68,GR33496_00,문의현(文義縣),GM33496IL0002_037.jpg,제,2266,2407,2403,2516
여지도,古4709-68,GR33496_00,문의현(文義縣),GM33496IL0002_037.jpg,제,2298,2174,2442,2302
여지도,古4709-68,GR33496_00,문의현(文義縣),GM33496IL0002_037.jpg,증산,1036,1355,1191,1506
여지도,古4709-68,GR33496_00,문의현(文義縣),GM33496IL0002_037.jpg,지세심수,1082,3328,1238,3483
여지도,古4709-68,GR33496_00,문의현(文義縣),GM33496IL0002_037.jpg,창,1184,2644,1332,2772
여지도,古4709-68,GR33496_00,문의현(文義縣),GM33496IL0002_037.jpg,청주계,218,3293,424,3677
여지도,古4709-68,GR33496_00,문의현(文義縣),GM33496IL0002_037.jpg,청주계,2368,1133,2566,1522
여지도,古4709-68,GR33496_00,문의현(文義縣),GM33496IL0002_037.jpg,청주계,2375,2430,2542,2780
여지도,古4709-68,GR33496_00,문의현(文義縣),GM33496IL0002_037.jpg,태봉,1351,3114,1542,3281
여지도,古4709-68,GR33496_00,문의현(文義縣),GM33496IL0002_037.jpg,향교,1226,2194,1464,2357
여지도,古4709-68,GR33496_00,문의현(文義縣),GM33496IL0002_037.jpg,현사,459,2380,627,2528
여지도,古4709-68,GR33496_00,문의현(文義縣),GM33496IL0002_037.jpg,형강진,155,2601,307,2862
여지도,古4709-68,GR33496_00,문의현(文義縣),GM33496IL0002_037.jpg,화계,599,3293,732,3464
여지도,古4709-68,GR33496_00,문의현(文義縣),GM33496IL0002_037.jpg,회덕계,3,2535,148,2912
여지도,古4709-68,GR33496_00,문의현(文義縣),GM33496IL0002_037.jpg,회인계,1994,3514,2368,3685
여지도,古4709-68,GR33496_00,연기현(燕歧縣),GM33496IL0002_083.jpg,객사,1306,1933,1518,2074
여지도,古4709-68,GR33496_00,연기현(燕歧縣),GM33496IL0002_083.jpg,공주계,20,2369,195,2713
여지도,古4709-68,GR33496_00,연기현(燕歧縣),GM33496IL0002_083.jpg,공주계,62,3377,253,3717
여지도,古4709-68,GR33496_00,연기현(燕歧縣),GM33496IL0002_083.jpg,금사역,709,2759,797,2971
여지도,古4709-68,GR33496_00,연기현(燕歧縣),GM33496IL0002_083.jpg,남면,679,2418,758,2618
여지도,古4709-68,GR33496_00,연기현(燕歧縣),GM33496IL0002_083.jpg,대박산,1605,1734,1767,1954
여지도,古4709-68,GR33496_00,연기현(燕歧縣),GM33496IL0002_083.jpg,동이면,2202,2228,2281,2414
여지도,古4709-68,GR33496_00,연기현(燕歧縣),GM33496IL0002_083.jpg,동일면,2228,2730,2348,2950
여지도,古4709-68,GR33496_00,연기현(燕歧縣),GM33496IL0002_083.jpg,동진,1493,2170,1688,2331
여지도,古4709-68,GR33496_00,연기현(燕歧縣),GM33496IL0002_083.jpg,둔덕산,622,1580,738,1796
여지도,古4709-68,GR33496_00,연기현(燕歧縣),GM33496IL0002_083.jpg,문의계,2008,3493,2154,3788
여지도,古4709-68,GR33496_00,연기현(燕歧縣),GM33496IL0002_083.jpg,백천,2306,3273,2464,3406
여지도,古4709-68,GR33496_00,연기현(燕歧縣),GM33496IL0002_083.jpg,봉암,1634,2000,1875,2149
여지도,古4709-68,GR33496_00,연기현(燕歧縣),GM33496IL0002_083.jpg,부동,2136,3020,2327,3165
여지도,古4709-68,GR33496_00,연기현(燕歧縣),GM33496IL0002_083.jpg,북삼면,804,1045,887,1240
여지도,古4709-68,GR33496_00,연기현(燕歧縣),GM33496IL0002_083.jpg,북이면,1535,1443,1622,1642
여지도,古4709-68,GR33496_00,연기현(燕歧縣),GM33496IL0002_083.jpg,북일면,1950,1452,2046,1655
여지도,古4709-68,GR33496_00,연기현(燕歧縣),GM33496IL0002_083.jpg,삼기,406,3149,601,3265
여지도,古4709-68,GR33496_00,연기현(燕歧縣),GM33496IL0002_083.jpg,석현,356,1311,497,1481
여지도,古4709-68,GR33496_00,연기현(燕歧縣),GM33496IL0002_083.jpg,소학동,340,2248,452,2514
여지도,古4709-68,GR33496_00,연기현(燕歧縣),GM33496IL0002_083.jpg,송치,580,1024,721,1215
여지도,古4709-68,GR33496_00,연기현(燕歧縣),GM33496IL0002_083.jpg,아,1058,1697,1211,1829
여지도,古4709-68,GR33496_00,연기현(燕歧縣),GM33496IL0002_083.jpg,양인동,2327,2236,2456,2510
여지도,古4709-68,GR33496_00,연기현(燕歧縣),GM33496IL0002_083.jpg,연기현,2356,493,2547,987
여지도,古4709-68,GR33496_00,연기현(燕歧縣),GM33496IL0002_083.jpg,용수산,1099,2817,1232,2983
여지도,古4709-68,GR33496_00,연기현(燕歧縣),GM33496IL0002_083.jpg,원수산,954,3029,1053,3207
여지도,古4709-68,GR33496_00,연기현(燕歧縣),GM33496IL0002_083.jpg,읍내면,1294,2141,1394,2344
여지도,古4709-68,GR33496_00,연기현(燕歧縣),GM33496IL0002_083.jpg,장산,2344,1975,2468,2153
여지도,古4709-68,GR33496_00,연기현(燕歧縣),GM33496IL0002_083.jpg,전당,1921,1966,2066,2161
여지도,古4709-68,GR33496_00,연기현(燕歧縣),GM33496IL0002_083.jpg,전암,1427,2713,1568,2900
여지도,古4709-68,GR33496_00,연기현(燕歧縣),GM33496IL0002_083.jpg,전월봉,1062,3074,1311,3236
여지도,古4709-68,GR33496_00,연기현(燕歧縣),GM33496IL0002_083.jpg,전의계,1717,518,1912,933
여지도,古4709-68,GR33496_00,연기현(燕歧縣),GM33496IL0002_083.jpg,참산,1916,1780,2066,1941
여지도,古4709-68,GR33496_00,연기현(燕歧縣),GM33496IL0002_083.jpg,창,1111,2186,1244,2336
여지도,古4709-68,GR33496_00,연기현(燕歧縣),GM33496IL0002_083.jpg,청주계,2315,1398,2481,1784
여지도,古4709-68,GR33496_00,연기현(燕歧縣),GM33496IL0002_083.jpg,태천,692,1497,813,1655
여지도,古4709-68,GR33496_00,연기현(燕歧縣),GM33496IL0002_083.jpg,합강,1302,2883,1460,2987
여지도,古4709-68,GR33496_00,연산현(連山縣),GM33496IL0002_075.jpg,개대치,1622,2332,1751,2586
여지도,古4709-68,GR33496_00,연산현(連山縣),GM33496IL0002_075.jpg,객사,929,2394,1049,2586
여지도,古4709-68,GR33496_00,연산현(連山縣),GM33496IL0002_075.jpg,계룡산,1858,673,2072,874
여지도,古4709-68,GR33496_00,연산현(連山縣),GM33496IL0002_075.jpg,고산계,444,3299,666,3692
여지도,古4709-68,GR33496_00,연산현(連山縣),GM33496IL0002_075.jpg,구산서원,676,1208,903,1324
여지도,古4709-68,GR33496_00,연산현(連山縣),GM33496IL0002_075.jpg,낙수암,431,1935,653,2118
여지도,古4709-68,GR33496_00,연산현(連山縣),GM33496IL0002_075.jpg,당돌치,1111,3340,1267,3607
여지도,古4709-68,GR33496_00,연산현(連山縣),GM33496IL0002_075.jpg,대곡면,1852,2834,1943,3012
여지도,古4709-68,GR33496_00,연산현(連山縣),GM33496IL0002_075.jpg,두마면,1983,1908,2103,2127
여지도,古4709-68,GR33496_00,연산현(連山縣),GM33496IL0002_075.jpg,모촌면,840,2898,942,3117
여지도,古4709-68,GR33496_00,연산현(連山縣),GM33496IL0002_075.jpg,백석면,853,1395,955,1591
여지도,古4709-68,GR33496_00,연산현(連山縣),GM33496IL0002_075.jpg,부인처면,324,1270,409,1480
여지도,古4709-68,GR33496_00,연산현(連山縣),GM33496IL0002_075.jpg,서원,395,2452,582,2573
여지도,古4709-68,GR33496_00,연산현(連山縣),GM33496IL0002_075.jpg,서원,618,1578,773,1707
여지도,古4709-68,GR33496_00,연산현(連山縣),GM33496IL0002_075.jpg,식한면,1622,1444,1725,1663
여지도,古4709-68,GR33496_00,연산현(連山縣),GM33496IL0002_075.jpg,신대,1809,1016,2023,1141
여지도,古4709-68,GR33496_00,연산현(連山縣),GM33496IL0002_075.jpg,아,930,2599,1036,2711
여지도,古4709-68,GR33496_00,연산현(連山縣),GM33496IL0002_075.jpg,양정치,1769,1569,1898,1806
여지도,古4709-68,GR33496_00,연산현(連山縣),GM33496IL0002_075.jpg,여산계,80,2680,329,3112
여지도,古4709-68,GR33496_00,연산현(連山縣),GM33496IL0002_075.jpg,연산현,2258,539,2432,994
여지도,古4709-68,GR33496_00,연산현(連山縣),GM33496IL0002_075.jpg,외성면,462,1547,564,1734
여지도,古4709-68,GR33496_00,연산현(連山縣),GM33496IL0002_075.jpg,은진계,0,798,182,1279
여지도,古4709-68,GR33496_00,연산현(連山縣),GM33496IL0002_075.jpg,은진계,0,1868,177,2376
여지도,古4709-68,GR33496_00,연산현(連山縣),GM33496IL0002_075.jpg,이산계,889,521,1098,891
여지도,古4709-68,GR33496_00,연산현(連山縣),GM33496IL0002_075.jpg,이산계,1578,512,1805,900
여지도,古4709-68,GR33496_00,연산현(連山縣),GM33496IL0002_075.jpg,적사곡면,311,2207,440,2421
여지도,古4709-68,GR33496_00,연산현(連山縣),GM33496IL0002_075.jpg,전주계,1285,3393,1462,3705
여지도,古4709-68,GR33496_00,연산현(連山縣),GM33496IL0002_075.jpg,진산계,2100,3177,2259,3552
여지도,古4709-68,GR33496_00,연산현(連山縣),GM33496IL0002_075.jpg,진잠계,2093,1235,2265,1660
여지도,古4709-68,GR33496_00,연산현(連山縣),GM33496IL0002_075.jpg,창,886,2214,971,2312
여지도,古4709-68,GR33496_00,연산현(連山縣),GM33496IL0002_075.jpg,평천역,360,1734,471,1939
여지도,古4709-68,GR33496_00,연산현(連山縣),GM33496IL0002_075.jpg,한삼천,1687,2767,1805,2963
여지도,古4709-68,GR33496_00,연산현(連山縣),GM33496IL0002_075.jpg,해창,257,1150,444,1266
여지도,古4709-68,GR33496_00,연산현(連山縣),GM33496IL0002_075.jpg,향교,1049,1850,1240,1975
여지도,古4709-68,GR33496_00,연산현(連山縣),GM33496IL0002_075.jpg,현내면,870,2551,948,2730
여지도,古4709-68,GR33496_00,연산현(連山縣),GM33496IL0002_075.jpg,황산령,1527,2740,1658,2930
여지도,古4709-68,GR33496_00,옥천군(沃川郡),GM33496IL0002_019.jpg,가화역,711,2049,848,2295
여지도,古4709-68,GR33496_00,옥천군(沃川郡),GM33496IL0002_019.jpg,객사,881,1758,1085,1871
여지도,古4709-68,GR33496_00,옥천군(沃川郡),GM33496IL0002_019.jpg,구둔치,1455,2212,1692,2328
여지도,古4709-68,GR33496_00,옥천군(沃川郡),GM33496IL0002_019.jpg,군남면,932,2092,1057,2320
여지도,古4709-68,GR33496_00,옥천군(沃川郡),GM33496IL0002_019.jpg,군동면,1946,1675,2079,1920
여지도,古4709-68,GR33496_00,옥천군(沃川郡),GM33496IL0002_019.jpg,군북면,615,1064,744,1301
여지도,古4709-68,GR33496_00,옥천군(沃川郡),GM33496IL0002_019.jpg,군서면,286,1846,424,2079
여지도,古4709-68,GR33496_00,옥천군(沃川郡),GM33496IL0002_019.jpg,금산계,41,3068,257,3521
여지도,古4709-68,GR33496_00,옥천군(沃川郡),GM33496IL0002_019.jpg,마성산,811,1397,944,1609
여지도,古4709-68,GR33496_00,옥천군(沃川郡),GM33496IL0002_019.jpg,무주계,282,3359,478,3742
여지도,古4709-68,GR33496_00,옥천군(沃川郡),GM33496IL0002_019.jpg,보은계,2402,1121,2595,1618
여지도,古4709-68,GR33496_00,옥천군(沃川郡),GM33496IL0002_019.jpg,비봉산,736,2968,1006,3097
여지도,古4709-68,GR33496_00,옥천군(沃川郡),GM33496IL0002_019.jpg,서대산,237,2187,457,2303
여지도,古4709-68,GR33496_00,옥천군(沃川郡),GM33496IL0002_019.jpg,순양역,698,3264,819,3488
여지도,古4709-68,GR33496_00,옥천군(沃川郡),GM33496IL0002_019.jpg,아,677,1617,831,1750
여지도,古4709-68,GR33496_00,옥천군(沃川郡),GM33496IL0002_019.jpg,안남면,2229,2153,2374,2398
여지도,古4709-68,GR33496_00,옥천군(沃川郡),GM33496IL0002_019.jpg,안내면,2325,1247,2424,1492
여지도,古4709-68,GR33496_00,옥천군(沃川郡),GM33496IL0002_019.jpg,안읍창,1988,1417,2204,1550
여지도,古4709-68,GR33496_00,옥천군(沃川郡),GM33496IL0002_019.jpg,양남면,702,3114,940,3243
여지도,古4709-68,GR33496_00,옥천군(沃川郡),GM33496IL0002_019.jpg,양내면,1077,3218,1206,3446
여지도,古4709-68,GR33496_00,옥천군(沃川郡),GM33496IL0002_019.jpg,양산창,823,3359,1048,3513
여지도,古4709-68,GR33496_00,옥천군(沃川郡),GM33496IL0002_019.jpg,영등계,1862,3293,2037,3688
여지도,古4709-68,GR33496_00,옥천군(沃川郡),GM33496IL0002_019.jpg,옥천군,2376,571,2568,1052
여지도,古4709-68,GR33496_00,옥천군(沃川郡),GM33496IL0002_019.jpg,월이산봉,1164,2361,1372,2511
여지도,古4709-68,GR33496_00,옥천군(沃川郡),GM33496IL0002_019.jpg,읍내면,844,1821,964,2054
여지도,古4709-68,GR33496_00,옥천군(沃川郡),GM33496IL0002_019.jpg,이남면,935,2557,1044,2781
여지도,古4709-68,GR33496_00,옥천군(沃川郡),GM33496IL0002_019.jpg,이내면,1738,2756,1855,3006
여지도,古4709-68,GR33496_00,옥천군(沃川郡),GM33496IL0002_019.jpg,이산창,1498,2541,1717,2656
여지도,古4709-68,GR33496_00,옥천군(沃川郡),GM33496IL0002_019.jpg,적등진,1863,2931,1984,3189
여지도,古4709-68,GR33496_00,옥천군(沃川郡),GM33496IL0002_019.jpg,증약역,266,1164,386,1409
여지도,古4709-68,GR33496_00,옥천군(沃川郡),GM33496IL0002_019.jpg,지륵산,366,2590,598,2711
여지도,古4709-68,GR33496_00,옥천군(沃川郡),GM33496IL0002_019.jpg,진산계,4,2049,153,2395
여지도,古4709-68,GR33496_00,옥천군(沃川郡),GM33496IL0002_019.jpg,창,623,1775,765,1933
여지도,古4709-68,GR33496_00,옥천군(沃川郡),GM33496IL0002_019.jpg,청산계,2387,2569,2541,2960
여지도,古4709-68,GR33496_00,옥천군(沃川郡),GM33496IL0002_019.jpg,토파역,1418,2395,1530,2615
여지도,古4709-68,GR33496_00,옥천군(沃川郡),GM33496IL0002_019.jpg,향교,1401,1883,1605,2054
여지도,古4709-68,GR33496_00,옥천군(沃川郡),GM33496IL0002_019.jpg,호탄진,1339,2790,1472,3060
여지도,古4709-68,GR33496_00,옥천군(沃川郡),GM33496IL0002_019.jpg,화인역,2180,1243,2292,1475
여지도,古4709-68,GR33496_00,옥천군(沃川郡),GM33496IL0002_019.jpg,환산봉,195,993,511,1155
여지도,古4709-68,GR33496_00,옥천군(沃川郡),GM33496IL0002_019.jpg,환선루,1139,3097,1422,3243
여지도,古4709-68,GR33496_00,옥천군(沃川郡),GM33496IL0002_019.jpg,회덕계,4,1039,170,1492
여지도,古4709-68,GR33496_00,옥천군(沃川郡),GM33496IL0002_019.jpg,회인계,1986,614,2221,1014
여지도,古4709-68,GR33496_00,은진현(恩津縣),GM33496IL0002_069.jpg,가야곡면,1486,1641,1589,1837
여지도,古4709-68,GR33496_00,은진현(恩津縣),GM33496IL0002_069.jpg,갈마동면,1642,1583,1740,1797
여지도,古4709-68,GR33496_00,은진현(恩津縣),GM33496IL0002_069.jpg,갈마산,1740,1409,1989,1547
여지도,古4709-68,GR33496_00,은진현(恩津縣),GM33496IL0002_069.jpg,강경산,551,2969,756,3139
여지도,古4709-68,GR33496_00,은진현(恩津縣),GM33496IL0002_069.jpg,강경산봉,387,2492,567,2651
여지도,古4709-68,GR33496_00,은진현(恩津縣),GM33496IL0002_069.jpg,강창,373,2818,538,2965
여지도,古4709-68,GR33496_00,은진현(恩津縣),GM33496IL0002_069.jpg,객사,1037,2207,1241,2358
여지도,古4709-68,GR33496_00,은진현(恩津縣),GM33496IL0002_069.jpg,건지산,1299,1632,1442,1828
여지도,古4709-68,GR33496_00,은진현(恩津縣),GM33496IL0002_069.jpg,고산계,2372,2729,2532,3090
여지도,古4709-68,GR33496_00,은진현(恩津縣),GM33496IL0002_069.jpg,관촉암,1126,1489,1348,1649
여지도,古4709-68,GR33496_00,은진현(恩津縣),GM33496IL0002_069.jpg,구자곡면,1718,3143,1825,3353
여지도,古4709-68,GR33496_00,은진현(恩津縣),GM33496IL0002_069.jpg,금곡사우,1135,2938,1375,3108
여지도,古4709-68,GR33496_00,은진현(恩津縣),GM33496IL0002_069.jpg,금포면,586,2612,655,2774
여지도,古4709-68,GR33496_00,은진현(恩津縣),GM33496IL0002_069.jpg,남항교,1032,2613,1246,2729
여지도,古4709-68,GR33496_00,은진현(恩津縣),GM33496IL0002_069.jpg,논산교,600,1146,770,1342
여지도,古4709-68,GR33496_00,은진현(恩津縣),GM33496IL0002_069.jpg,니산계,694,544,872,882
여지도,古4709-68,GR33496_00,은진현(恩津縣),GM33496IL0002_069.jpg,대조동면,1290,2162,1402,2381
여지도,古4709-68,GR33496_00,은진현(恩津縣),GM33496IL0002_069.jpg,도곡면,970,2639,1043,2801
여지도,古4709-68,GR33496_00,은진현(恩津縣),GM33496IL0002_069.jpg,두상면,1887,1730,2007,1921
여지도,古4709-68,GR33496_00,은진현(恩津縣),GM33496IL0002_069.jpg,두하면,1807,1948,1927,2136
여지도,古4709-68,GR33496_00,은진현(恩津縣),GM33496IL0002_069.jpg,반야산,939,1386,1139,1529
여지도,古4709-68,GR33496_00,은진현(恩津縣),GM33496IL0002_069.jpg,백화산봉,440,1409,698,1569
여지도,古4709-68,GR33496_00,은진현(恩津縣),GM33496IL0002_069.jpg,불명산,2150,2278,2359,2452
여지도,古4709-68,GR33496_00,은진현(恩津縣),GM33496IL0002_069.jpg,석성계,262,668,458,1070
여지도,古4709-68,GR33496_00,은진현(恩津縣),GM33496IL0002_069.jpg,성본면,565,1583,667,1770
여지도,古4709-68,GR33496_00,은진현(恩津縣),GM33496IL0002_069.jpg,송산면,841,1645,952,1828
여지도,古4709-68,GR33496_00,은진현(恩津縣),GM33496IL0002_069.jpg,쌍계사,2096,2086,2332,2234
여지도,古4709-68,GR33496_00,은진현(恩津縣),GM33496IL0002_069.jpg,아,890,2011,1019,2118
여지도,古4709-68,GR33496_00,은진현(恩津縣),GM33496IL0002_069.jpg,여산계,1175,3375,1384,3714
여지도,古4709-68,GR33496_00,은진현(恩津縣),GM33496IL0002_069.jpg,여산계,1887,3322,2096,3696
여지도,古4709-68,GR33496_00,은진현(恩津縣),GM33496IL0002_069.jpg,연산계,1482,1007,1669,1382
여지도,古4709-68,GR33496_00,은진현(恩津縣),GM33496IL0002_069.jpg,원항교,648,2643,798,2729
여지도,古4709-68,GR33496_00,은진현(恩津縣),GM33496IL0002_069.jpg,은진현,2337,539,2541,1101
여지도,古4709-68,GR33496_00,은진현(恩津縣),GM33496IL0002_069.jpg,임천계,80,2849,293,3268
여지도,古4709-68,GR33496_00,은진현(恩津縣),GM33496IL0002_069.jpg,전주계,2345,1587,2537,1944
여지도,古4709-68,GR33496_00,은진현(恩津縣),GM33496IL0002_069.jpg,정토산,1758,2706,1958,2880
여지도,古4709-68,GR33496_00,은진현(恩津縣),GM33496IL0002_069.jpg,제,436,1609,543,1703
여지도,古4709-68,GR33496_00,은진현(恩津縣),GM33496IL0002_069.jpg,제,462,1890,600,2037
여지도,古4709-68,GR33496_00,은진현(恩津縣),GM33496IL0002_069.jpg,제,600,2283,730,2412
여지도,古4709-68,GR33496_00,은진현(恩津縣),GM33496IL0002_069.jpg,제,623,3241,721,3335
여지도,古4709-68,GR33496_00,은진현(恩津縣),GM33496IL0002_069.jpg,제,644,1618,729,1712
여지도,古4709-68,GR33496_00,은진현(恩津縣),GM33496IL0002_069.jpg,제,770,1520,881,1618
여지도,古4709-68,GR33496_00,은진현(恩津縣),GM33496IL0002_069.jpg,제,859,2693,961,2795
여지도,古4709-68,GR33496_00,은진현(恩津縣),GM33496IL0002_069.jpg,제,890,2813,992,2889
여지도,古4709-68,GR33496_00,은진현(恩津縣),GM33496IL0002_069.jpg,제,1041,2822,1161,2929
여지도,古4709-68,GR33496_00,은진현(恩津縣),GM33496IL0002_069.jpg,제,1175,2376,1295,2492
여지도,古4709-68,GR33496_00,은진현(恩津縣),GM33496IL0002_069.jpg,제,1184,3148,1308,3282
여지도,古4709-68,GR33496_00,은진현(恩津縣),GM33496IL0002_069.jpg,제,1299,2425,1406,2532
여지도,古4709-68,GR33496_00,은진현(恩津縣),GM33496IL0002_069.jpg,제,1482,2118,1598,2220
여지도,古4709-68,GR33496_00,은진현(恩津縣),GM33496IL0002_069.jpg,제,1504,2363,1629,2479
여지도,古4709-68,GR33496_00,은진현(恩津縣),GM33496IL0002_069.jpg,죽본면,1584,2015,1678,2207
여지도,古4709-68,GR33496_00,은진현(恩津縣),GM33496IL0002_069.jpg,중화재사우,1793,1560,2016,1734
여지도,古4709-68,GR33496_00,은진현(恩津縣),GM33496IL0002_069.jpg,창,765,2136,908,2283
여지도,古4709-68,GR33496_00,은진현(恩津縣),GM33496IL0002_069.jpg,채운면,520,3183,618,3366
여지도,古4709-68,GR33496_00,은진현(恩津縣),GM33496IL0002_069.jpg,채운산,476,3402,738,3527
여지도,古4709-68,GR33496_00,은진현(恩津縣),GM33496IL0002_069.jpg,칭라교,1379,3331,1522,3603
여지도,古4709-68,GR33496_00,은진현(恩津縣),GM33496IL0002_069.jpg,향교,1130,1797,1339,1921
여지도,古4709-68,GR33496_00,은진현(恩津縣),GM33496IL0002_069.jpg,화산면,743,2408,845,2595
여지도,古4709-68,GR33496_00,은진현(恩津縣),GM33496IL0002_069.jpg,화지산면,730,1364,819,1538
여지도,古4709-68,GR33496_00,이산현(尼山縣),GM33496IL0002_077.jpg,계룡산,1971,1302,2252,1462
여지도,古4709-68,GR33496_00,이산현(尼山縣),GM33496IL0002_077.jpg,고성,1032,1302,1201,1435
여지도,古4709-68,GR33496_00,이산현(尼山縣),GM33496IL0002_077.jpg,공자영당,1646,1792,1740,2070
여지도,古4709-68,GR33496_00,이산현(尼山縣),GM33496IL0002_077.jpg,공주계,40,1079,227,1440
여지도,古4709-68,GR33496_00,이산현(尼山縣),GM33496IL0002_077.jpg,공주계,790,617,961,895
여지도,古4709-68,GR33496_00,이산현(尼山縣),GM33496IL0002_077.jpg,공주계,2296,1538,2466,1913
여지도,古4709-68,GR33496_00,이산현(尼山縣),GM33496IL0002_077.jpg,광석면,721,2992,827,3219
여지도,古4709-68,GR33496_00,이산현(尼山縣),GM33496IL0002_077.jpg,노강서원,867,2375,968,2672
여지도,古4709-68,GR33496_00,이산현(尼山縣),GM33496IL0002_077.jpg,동헌,1005,2082,1206,2247
여지도,古4709-68,GR33496_00,이산현(尼山縣),GM33496IL0002_077.jpg,두사면,1570,2619,1756,2712
여지도,古4709-68,GR33496_00,이산현(尼山縣),GM33496IL0002_077.jpg,득윤면,502,2470,618,2702
여지도,古4709-68,GR33496_00,이산현(尼山縣),GM33496IL0002_077.jpg,봉대,1442,1324,1571,1538
여지도,古4709-68,GR33496_00,이산현(尼山縣),GM33496IL0002_077.jpg,비봉산,761,1874,949,2047
여지도,古4709-68,GR33496_00,이산현(尼山縣),GM33496IL0002_077.jpg,상도면,2007,2198,2105,2425
여지도,古4709-68,GR33496_00,이산현(尼山縣),GM33496IL0002_077.jpg,석교,1856,2448,2007,2662
여지도,古4709-68,GR33496_00,이산현(尼山縣),GM33496IL0002_077.jpg,석성계,0,1846,169,2247
여지도,古4709-68,GR33496_00,이산현(尼山縣),GM33496IL0002_077.jpg,소사면,267,1939,396,2158
여지도,古4709-68,GR33496_00,이산현(尼山縣),GM33496IL0002_077.jpg,아,1152,1925,1277,2059
여지도,古4709-68,GR33496_00,이산현(尼山縣),GM33496IL0002_077.jpg,연산계,2323,3161,2492,3554
여지도,古4709-68,GR33496_00,이산현(尼山縣),GM33496IL0002_077.jpg,오산,351,2947,565,3076
여지도,古4709-68,GR33496_00,이산현(尼山縣),GM33496IL0002_077.jpg,우교,454,1712,596,1917
여지도,古4709-68,GR33496_00,이산현(尼山縣),GM33496IL0002_077.jpg,월오동면,1722,1904,1811,2122
여지도,古4709-68,GR33496_00,이산현(尼山縣),GM33496IL0002_077.jpg,은진계,926,3344,1108,3736
여지도,古4709-68,GR33496_00,이산현(尼山縣),GM33496IL0002_077.jpg,읍내면,1428,2251,1540,2465
여지도,古4709-68,GR33496_00,이산현(尼山縣),GM33496IL0002_077.jpg,이산현,2332,463,2497,914
여지도,古4709-68,GR33496_00,이산현(尼山縣),GM33496IL0002_077.jpg,장구동면,943,2439,1050,2671
여지도,古4709-68,GR33496_00,이산현(尼山縣),GM33496IL0002_077.jpg,죽산,658,2849,876,2960
여지도,古4709-68,GR33496_00,이산현(尼山縣),GM33496IL0002_077.jpg,증성산,1192,1154,1304,1386
여지도,古4709-68,GR33496_00,이산현(尼山縣),GM33496IL0002_077.jpg,창,1264,2047,1419,2181
여지도,古4709-68,GR33496_00,이산현(尼山縣),GM33496IL0002_077.jpg,천동면,1334,2777,1523,2881
여지도,古4709-68,GR33496_00,이산현(尼山縣),GM33496IL0002_077.jpg,초포교,893,3100,1162,3216
여지도,古4709-68,GR33496_00,이산현(尼山縣),GM33496IL0002_077.jpg,판치령,1841,746,1974,1009
여지도,古4709-68,GR33496_00,이산현(尼山縣),GM33496IL0002_077.jpg,평지요해,1855,1429,1996,1739
여지도,古4709-68,GR33496_00,이산현(尼山縣),GM33496IL0002_077.jpg,하도면,2058,2644,2132,2851
여지도,古4709-68,GR33496_00,이산현(尼山縣),GM33496IL0002_077.jpg,해창,222,3250,471,3424
여지도,古4709-68,GR33496_00,이산현(尼山縣),GM33496IL0002_077.jpg,향교,1402,1962,1606,2091
여지도,古4709-68,GR33496_00,이산현(尼山縣),GM33496IL0002_077.jpg,화곡면,984,1063,1071,1271
여지도,古4709-68,GR33496_00,진산군(珍山郡),GM33496IL0003_033.jpg,객사,613,2564,815,2713
여지도,古4709-68,GR33496_00,진산군(珍山郡),GM33496IL0003_033.jpg,공주계,968,750,1089,995
여지도,古4709-68,GR33496_00,진산군(珍山郡),GM33496IL0003_033.jpg,국산,2344,1036,2481,1209
여지도,古4709-68,GR33496_00,진산군(珍山郡),GM33496IL0003_033.jpg,금산계,1166,3758,1351,4000
여지도,古4709-68,GR33496_00,진산군(珍山郡),GM33496IL0003_033.jpg,금산계,2053,3705,2267,4000
여지도,古4709-68,GR33496_00,진산군(珍山郡),GM33496IL0003_033.jpg,금산계,2537,2125,2675,2387
여지도,古4709-68,GR33496_00,진산군(珍山郡),GM33496IL0003_033.jpg,남면,1274,2979,1408,3189
여지도,古4709-68,GR33496_00,진산군(珍山郡),GM33496IL0003_033.jpg,대둔산,238,2362,500,2536
여지도,古4709-68,GR33496_00,진산군(珍山郡),GM33496IL0003_033.jpg,대둔암,258,2641,476,2774
여지도,古4709-68,GR33496_00,진산군(珍山郡),GM33496IL0003_033.jpg,동이면,1944,1177,2085,1383
여지도,古4709-68,GR33496_00,진산군(珍山郡),GM33496IL0003_033.jpg,동일면,1771,2225,1900,2459
여지도,古4709-68,GR33496_00,진산군(珍山郡),GM33496IL0003_033.jpg,미륵사,1148,1042,1410,1199
여지도,古4709-68,GR33496_00,진산군(珍山郡),GM33496IL0003_033.jpg,북면,1218,1282,1339,1500
여지도,古4709-68,GR33496_00,진산군(珍山郡),GM33496IL0003_033.jpg,서대사,2089,1310,2235,1572
여지도,古4709-68,GR33496_00,진산군(珍山郡),GM33496IL0003_033.jpg,서대산,2485,1250,2638,1487
여지도,古4709-68,GR33496_00,진산군(珍山郡),GM33496IL0003_033.jpg,서면,1089,1737,1359,1866
여지도,古4709-68,GR33496_00,진산군(珍山郡),GM33496IL0003_033.jpg,신치,1016,1431,1153,1641
여지도,古4709-68,GR33496_00,진산군(珍山郡),GM33496IL0003_033.jpg,아,757,2453,943,2570
여지도,古4709-68,GR33496_00,진산군(珍山郡),GM33496IL0003_033.jpg,압치,2340,2116,2493,2342
여지도,古4709-68,GR33496_00,진산군(珍山郡),GM33496IL0003_033.jpg,연산계,431,1600,629,1907
여지도,古4709-68,GR33496_00,진산군(珍山郡),GM33496IL0003_033.jpg,오대산,302,3157,443,3387
여지도,古4709-68,GR33496_00,진산군(珍山郡),GM33496IL0003_033.jpg,옥천계,2315,669,2461,1000
여지도,古4709-68,GR33496_00,진산군(珍山郡),GM33496IL0003_033.jpg,요월루,899,2850,1020,3068
여지도,古4709-68,GR33496_00,진산군(珍山郡),GM33496IL0003_033.jpg,이치,92,2967,326,3141
여지도,古4709-68,GR33496_00,진산군(珍山郡),GM33496IL0003_033.jpg,전주계,16,3419,129,3697
여지도,古4709-68,GR33496_00,진산군(珍山郡),GM33496IL0003_033.jpg,진산군,2469,629,2658,1068
여지도,古4709-68,GR33496_00,진산군(珍山郡),GM33496IL0003_033.jpg,창,669,3020,806,3229
여지도,古4709-68,GR33496_00,진산군(珍山郡),GM33496IL0003_033.jpg,천비산,1771,935,1892,1137
여지도,古4709-68,GR33496_00,진산군(珍山郡),GM33496IL0003_033.jpg,태조대왕태봉,1729,1519,1919,1729
여지도,古4709-68,GR33496_00,진산군(珍山郡),GM33496IL0003_033.jpg,향교,1178,2173,1383,2310
여지도,古4709-68,GR33496_00,진잠현(鎭岑縣),GM33496IL0002_073.jpg,객사,1222,2185,1422,2336
여지도,古4709-68,GR33496_00,진잠현(鎭岑縣),GM33496IL0002_073.jpg,계룡산,1840,717,2129,869
여지도,古4709-68,GR33496_00,진잠현(鎭岑縣),GM33496IL0002_073.jpg,공주계,257,3210,475,3625
여지도,古4709-68,GR33496_00,진잠현(鎭岑縣),GM33496IL0002_073.jpg,공주계,1195,610,1377,980
여지도,古4709-68,GR33496_00,진잠현(鎭岑縣),GM33496IL0002_073.jpg,공주계,2129,3317,2307,3674
여지도,古4709-68,GR33496_00,진잠현(鎭岑縣),GM33496IL0002_073.jpg,공주계,2245,1587,2387,1944
여지도,古4709-68,GR33496_00,진잠현(鎭岑縣),GM33496IL0002_073.jpg,구봉산,693,2171,853,2452
여지도,古4709-68,GR33496_00,진잠현(鎭岑縣),GM33496IL0002_073.jpg,대천,769,3125,1009,3286
여지도,古4709-68,GR33496_00,진잠현(鎭岑縣),GM33496IL0002_073.jpg,동면,1320,2782,1436,3027
여지도,古4709-68,GR33496_00,진잠현(鎭岑縣),GM33496IL0002_073.jpg,북면,2049,2510,2147,2733
여지도,古4709-68,GR33496_00,진잠현(鎭岑縣),GM33496IL0002_073.jpg,산장산,1680,1783,1920,1944
여지도,古4709-68,GR33496_00,진잠현(鎭岑縣),GM33496IL0002_073.jpg,상남면,475,2171,600,2394
여지도,古4709-68,GR33496_00,진잠현(鎭岑縣),GM33496IL0002_073.jpg,서면,1618,1476,1716,1712
여지도,古4709-68,GR33496_00,진잠현(鎭岑縣),GM33496IL0002_073.jpg,소요정,320,1395,617,1529
여지도,古4709-68,GR33496_00,진잠현(鎭岑縣),GM33496IL0002_073.jpg,아,1173,1966,1324,2091
여지도,古4709-68,GR33496_00,진잠현(鎭岑縣),GM33496IL0002_073.jpg,약사봉,1066,1253,1209,1525
여지도,古4709-68,GR33496_00,진잠현(鎭岑縣),GM33496IL0002_073.jpg,연산계,195,744,417,1141
여지도,古4709-68,GR33496_00,진잠현(鎭岑縣),GM33496IL0002_073.jpg,연정,906,1855,1049,2078
여지도,古4709-68,GR33496_00,진잠현(鎭岑縣),GM33496IL0002_073.jpg,옥산,831,2136,968,2283
여지도,古4709-68,GR33496_00,진잠현(鎭岑縣),GM33496IL0002_073.jpg,진산계,0,1485,191,1832
여지도,古4709-68,GR33496_00,진잠현(鎭岑縣),GM33496IL0002_073.jpg,진잠현,2227,633,2400,1146
여지도,古4709-68,GR33496_00,진잠현(鎭岑縣),GM33496IL0002_073.jpg,창,1018,2207,1173,2350
여지도,古4709-68,GR33496_00,진잠현(鎭岑縣),GM33496IL0002_073.jpg,하남면,462,1186,573,1413
여지도,古4709-68,GR33496_00,진잠현(鎭岑縣),GM33496IL0002_073.jpg,학운사,2053,1565,2182,1797
여지도,古4709-68,GR33496_00,진잠현(鎭岑縣),GM33496IL0002_073.jpg,향교,1569,2127,1796,2269
여지도,古4709-68,GR33496_00,청주목(淸州牧),GM33496IL0002_005.jpg,객사,1047,1952,1167,2021
여지도,古4709-68,GR33496_00,청주목(淸州牧),GM33496IL0002_005.jpg,거질대령,1421,2143,1499,2319
여지도,古4709-68,GR33496_00,청주목(淸州牧),GM33496IL0002_005.jpg,거질대봉,1501,2103,1655,2209
여지도,古4709-68,GR33496_00,청주목(淸州牧),GM33496IL0002_005.jpg,공산계,8,3551,194,3823
여지도,古4709-68,GR33496_00,청주목(淸州牧),GM33496IL0002_005.jpg,공송사,2232,2191,2406,2289
여지도,古4709-68,GR33496_00,청주목(淸州牧),GM33496IL0002_005.jpg,괴산계,1381,564,1573,822
여지도,古4709-68,GR33496_00,청주목(淸州牧),GM33496IL0002_005.jpg,금성창,268,3225,452,3349
여지도,古4709-68,GR33496_00,청주목(淸州牧),GM33496IL0002_005.jpg,기암서원,438,2091,572,2253
여지도,古4709-68,GR33496_00,청주목(淸州牧),GM33496IL0002_005.jpg,남석교,1055,2335,1269,2429
여지도,古4709-68,GR33496_00,청주목(淸州牧),GM33496IL0002_005.jpg,남이면,1207,2659,1325,2847
여지도,古4709-68,GR33496_00,청주목(淸州牧),GM33496IL0002_005.jpg,남일면,1687,2593,1781,2769
여지도,古4709-68,GR33496_00,청주목(淸州牧),GM33496IL0002_005.jpg,남주내면,1321,1954,1411,2111
여지도,古4709-68,GR33496_00,청주목(淸州牧),GM33496IL0002_005.jpg,남차이면,902,2965,997,3147
여지도,古4709-68,GR33496_00,청주목(淸州牧),GM33496IL0002_005.jpg,덕평면,208,2907,296,3075
여지도,古4709-68,GR33496_00,청주목(淸州牧),GM33496IL0002_005.jpg,도명사,2214,1710,2378,1826
여지도,古4709-68,GR33496_00,청주목(淸州牧),GM33496IL0002_005.jpg,동림사,174,3421,394,3523
여지도,古4709-68,GR33496_00,청주목(淸州牧),GM33496IL0002_005.jpg,동진,774,3545,868,3717
여지도,古4709-68,GR33496_00,청주목(淸州牧),GM33496IL0002_005.jpg,두타산,608,694,812,856
여지도,古4709-68,GR33496_00,청주목(淸州牧),GM33496IL0002_005.jpg,목천계,2,954,132,1296
여지도,古4709-68,GR33496_00,청주목(淸州牧),GM33496IL0002_005.jpg,무심천,734,1606,930,1698
여지도,古4709-68,GR33496_00,청주목(淸州牧),GM33496IL0002_005.jpg,문경계,2408,1050,2560,1348
여지도,古4709-68,GR33496_00,청주목(淸州牧),GM33496IL0002_005.jpg,문의계,1031,3525,1257,3759
여지도,古4709-68,GR33496_00,청주목(淸州牧),GM33496IL0002_005.jpg,백록서원,606,3413,780,3547
여지도,古4709-68,GR33496_00,청주목(淸州牧),GM33496IL0002_005.jpg,백아성,1567,968,1701,1140
여지도,古4709-68,GR33496_00,청주목(淸州牧),GM33496IL0002_005.jpg,병영,1029,2097,1161,2179
여지도,古4709-68,GR33496_00,청주목(淸州牧),GM33496IL0002_005.jpg,보살사,1371,2491,1549,2595
여지도,古4709-68,GR33496_00,청주목(淸州牧),GM33496IL0002_005.jpg,보은계,2436,2856,2608,3216
여지도,古4709-68,GR33496_00,청주목(淸州牧),GM33496IL0002_005.jpg,본관,1165,1938,1269,1998
여지도,古4709-68,GR33496_00,청주목(淸州牧),GM33496IL0002_005.jpg,봉계서원,1713,2505,1869,2651
여지도,古4709-68,GR33496_00,청주목(淸州牧),GM33496IL0002_005.jpg,봉림수,634,1814,910,1928
여지도,古4709-68,GR33496_00,청주목(淸州牧),GM33496IL0002_005.jpg,북강내이면,660,1186,734,1364
여지도,古4709-68,GR33496_00,청주목(淸州牧),GM33496IL0002_005.jpg,북강내일면,762,1380,848,1562
여지도,古4709-68,GR33496_00,청주목(淸州牧),GM33496IL0002_005.jpg,북강외일면,478,1720,576,1908
여지도,古4709-68,GR33496_00,청주목(淸州牧),GM33496IL0002_005.jpg,북주내면,1003,1694,1211,1774
여지도,古4709-68,GR33496_00,청주목(淸州牧),GM33496IL0002_005.jpg,산내이면,1651,1896,1749,2057
여지도,古4709-68,GR33496_00,청주목(淸州牧),GM33496IL0002_005.jpg,산내일면,1387,1446,1469,1632
여지도,古4709-68,GR33496_00,청주목(淸州牧),GM33496IL0002_005.jpg,산외이면,836,678,938,868
여지도,古4709-68,GR33496_00,청주목(淸州牧),GM33496IL0002_005.jpg,산외일면,802,1004,896,1158
여지도,古4709-68,GR33496_00,청주목(淸州牧),GM33496IL0002_005.jpg,삼일치,2480,3433,2584,3595
여지도,古4709-68,GR33496_00,청주목(淸州牧),GM33496IL0002_005.jpg,상당산성,1263,1666,1415,1798
여지도,古4709-68,GR33496_00,청주목(淸州牧),GM33496IL0002_005.jpg,상산,126,780,338,884
여지도,古4709-68,GR33496_00,청주목(淸州牧),GM33496IL0002_005.jpg,상주계,2428,1730,2584,2016
여지도,古4709-68,GR33496_00,청주목(淸州牧),GM33496IL0002_005.jpg,서강내이면,951,3279,1039,3463
여지도,古4709-68,GR33496_00,청주목(淸州牧),GM33496IL0002_005.jpg,서강내일면,636,2601,736,2781
여지도,古4709-68,GR33496_00,청주목(淸州牧),GM33496IL0002_005.jpg,서강외이면,468,3423,548,3587
여지도,古4709-68,GR33496_00,청주목(淸州牧),GM33496IL0002_005.jpg,서강외일면,408,3015,502,3187
여지도,古4709-68,GR33496_00,청주목(淸州牧),GM33496IL0002_005.jpg,서주내면,870,1952,959,2125
여지도,古4709-68,GR33496_00,청주목(淸州牧),GM33496IL0002_005.jpg,소구치,2434,2569,2548,2751
여지도,古4709-68,GR33496_00,청주목(淸州牧),GM33496IL0002_005.jpg,속리산,2462,2147,2568,2307
여지도,古4709-68,GR33496_00,청주목(淸州牧),GM33496IL0002_005.jpg,송계서원,624,2379,810,2521
여지도,古4709-68,GR33496_00,청주목(淸州牧),GM33496IL0002_005.jpg,송천서원,488,3089,666,3245
여지도,古4709-68,GR33496_00,청주목(淸州牧),GM33496IL0002_005.jpg,신수면,160,2173,244,2337
여지도,古4709-68,GR33496_00,청주목(淸州牧),GM33496IL0002_005.jpg,신원창,450,2337,610,2469
여지도,古4709-68,GR33496_00,청주목(淸州牧),GM33496IL0002_005.jpg,안심사,973,2999,1141,3083
여지도,古4709-68,GR33496_00,청주목(淸州牧),GM33496IL0002_005.jpg,야양산,596,2095,800,2205
여지도,古4709-68,GR33496_00,청주목(淸州牧),GM33496IL0002_005.jpg,연기계,554,3603,820,3797
여지도,古4709-68,GR33496_00,청주목(淸州牧),GM33496IL0002_005.jpg,오공창,374,1864,508,1972
여지도,古4709-68,GR33496_00,청주목(淸州牧),GM33496IL0002_005.jpg,온양계,2,2869,130,3201
여지도,古4709-68,GR33496_00,청주목(淸州牧),GM33496IL0002_005.jpg,율봉역,975,1238,1213,1356
여지도,古4709-68,GR33496_00,청주목(淸州牧),GM33496IL0002_005.jpg,저산역,868,3287,947,3485
여지도,古4709-68,GR33496_00,청주목(淸州牧),GM33496IL0002_005.jpg,주안면,1573,3527,1673,3709
여지도,古4709-68,GR33496_00,청주목(淸州牧),GM33496IL0002_005.jpg,주안창,1395,3597,1565,3677
여지도,古4709-68,GR33496_00,청주목(淸州牧),GM33496IL0002_005.jpg,중영,1325,2223,1441,2301
여지도,古4709-68,GR33496_00,청주목(淸州牧),GM33496IL0002_005.jpg,진천계,322,576,506,926
여지도,古4709-68,GR33496_00,청주목(淸州牧),GM33496IL0002_005.jpg,창,1445,1788,1539,1868
여지도,古4709-68,GR33496_00,청주목(淸州牧),GM33496IL0002_005.jpg,천안계,2,1802,120,2195
여지도,古4709-68,GR33496_00,청주목(淸州牧),GM33496IL0002_005.jpg,청석교,1882,2543,2022,2755
여지도,古4709-68,GR33496_00,청주목(淸州牧),GM33496IL0002_005.jpg,청주목,2382,550,2588,964
여지도,古4709-68,GR33496_00,청주목(淸州牧),GM33496IL0002_005.jpg,청천면,1713,1164,1805,1322
여지도,古4709-68,GR33496_00,청주목(淸州牧),GM33496IL0002_005.jpg,청천창,1307,1102,1505,1210
여지도,古4709-68,GR33496_00,청주목(淸州牧),GM33496IL0002_005.jpg,향교,1301,1900,1445,1974
여지도,古4709-68,GR33496_00,청주목(淸州牧),GM33496IL0002_005.jpg,화양동서원,1964,1390,2180,1548
여지도,古4709-68,GR33496_00,청주목(淸州牧),GM33496IL0002_005.jpg,화항서원,1589,2311,1733,2455
여지도,古4709-68,GR33496_00,청주목(淸州牧),GM33496IL0002_005.jpg,확천서원,1501,1662,1641,1804
여지도,古4709-68,GR33496_00,청주목(淸州牧),GM33496IL0002_005.jpg,환장암,1817,1002,2052,1116
여지도,古4709-68,GR33496_00,청주목(淸州牧),GM33496IL0002_005.jpg,회인계,1767,3579,2092,3743
여지도,古4709-68,GR33496_00,회덕현(懷德縣),GM33496IL0002_071.jpg,갑천,1156,2920,1272,3090
여지도,古4709-68,GR33496_00,회덕현(懷德縣),GM33496IL0002_071.jpg,객사,996,2416,1188,2523
여지도,古4709-68,GR33496_00,회덕현(懷德縣),GM33496IL0002_071.jpg,계족봉,978,1061,1205,1244
여지도,古4709-68,GR33496_00,회덕현(懷德縣),GM33496IL0002_071.jpg,계족산,1094,1386,1268,1591
여지도,古4709-68,GR33496_00,회덕현(懷德縣),GM33496IL0002_071.jpg,계치,2224,2336,2336,2541
여지도,古4709-68,GR33496_00,회덕현(懷德縣),GM33496IL0002_071.jpg,공주계,31,1502,218,1895
여지도,古4709-68,GR33496_00,회덕현(懷德縣),GM33496IL0002_071.jpg,공주계,520,2916,760,3366
여지도,古4709-68,GR33496_00,회덕현(懷德縣),GM33496IL0002_071.jpg,공주계,1344,3430,1648,3675
여지도,古4709-68,GR33496_00,회덕현(懷德縣),GM33496IL0002_071.jpg,공주계,1882,3257,2058,3622
여지도,古4709-68,GR33496_00,회덕현(懷德縣),GM33496IL0002_071.jpg,내남면,1585,1639,1664,1857
여지도,古4709-68,GR33496_00,회덕현(懷德縣),GM33496IL0002_071.jpg,동면,1561,1012,1664,1208
여지도,古4709-68,GR33496_00,회덕현(懷德縣),GM33496IL0002_071.jpg,동치,1303,1092,1463,1204
여지도,古4709-68,GR33496_00,회덕현(懷德縣),GM33496IL0002_071.jpg,문의계,280,468,591,793
여지도,古4709-68,GR33496_00,회덕현(懷德縣),GM33496IL0002_071.jpg,문의계,751,463,1139,731
여지도,古4709-68,GR33496_00,회덕현(懷德縣),GM33496IL0002_071.jpg,미호서원,1041,789,1170,1057
여지도,古4709-68,GR33496_00,회덕현(懷德縣),GM33496IL0002_071.jpg,봉은암,938,1734,1143,1868
여지도,古4709-68,GR33496_00,회덕현(懷德縣),GM33496IL0002_071.jpg,북면,710,979,789,1158
여지도,古4709-68,GR33496_00,회덕현(懷德縣),GM33496IL0002_071.jpg,사단,582,1948,711,2095
여지도,古4709-68,GR33496_00,회덕현(懷德縣),GM33496IL0002_071.jpg,삼정,1833,1511,1944,1663
여지도,古4709-68,GR33496_00,회덕현(懷德縣),GM33496IL0002_071.jpg,삼정동,1161,824,1268,1016
여지도,古4709-68,GR33496_00,회덕현(懷德縣),GM33496IL0002_071.jpg,서림,1232,2506,1352,2644
여지도,古4709-68,GR33496_00,회덕현(懷德縣),GM33496IL0002_071.jpg,서면,324,2639,431,2836
여지도,古4709-68,GR33496_00,회덕현(懷德縣),GM33496IL0002_071.jpg,선암,787,2309,903,2461
여지도,古4709-68,GR33496_00,회덕현(懷德縣),GM33496IL0002_071.jpg,숭현서원,251,2585,332,2846
여지도,古4709-68,GR33496_00,회덕현(懷德縣),GM33496IL0002_071.jpg,식장산,2057,1592,2150,1788
여지도,古4709-68,GR33496_00,회덕현(懷德縣),GM33496IL0002_071.jpg,아,1023,1881,1147,1997
여지도,古4709-68,GR33496_00,회덕현(懷德縣),GM33496IL0002_071.jpg,애송치,271,1685,413,1944
여지도,古4709-68,GR33496_00,회덕현(懷德縣),GM33496IL0002_071.jpg,양정,1455,2332,1646,2479
여지도,古4709-68,GR33496_00,회덕현(懷德縣),GM33496IL0002_071.jpg,옥천계,2126,472,2318,851
여지도,古4709-68,GR33496_00,회덕현(懷德縣),GM33496IL0002_071.jpg,외남면,2020,2144,2122,2358
여지도,古4709-68,GR33496_00,회덕현(懷德縣),GM33496IL0002_071.jpg,용호서원,745,733,860,971
여지도,古4709-68,GR33496_00,회덕현(懷德縣),GM33496IL0002_071.jpg,읍횡정,1100,2766,1326,2880
여지도,古4709-68,GR33496_00,회덕현(懷德縣),GM33496IL0002_071.jpg,일도면,1299,798,1419,1021
여지도,古4709-68,GR33496_00,회덕현(懷德縣),GM33496IL0002_071.jpg,전민역,266,1993,369,2220
여지도,古4709-68,GR33496_00,회덕현(懷德縣),GM33496IL0002_071.jpg,조산,738,2577,916,2693
여지도,古4709-68,GR33496_00,회덕현(懷德縣),GM33496IL0002_071.jpg,주산,1410,1261,1517,1400
여지도,古4709-68,GR33496_00,회덕현(懷德縣),GM33496IL0002_071.jpg,지,1721,1859,1864,1993
여지도,古4709-68,GR33496_00,회덕현(懷德縣),GM33496IL0002_071.jpg,진산계,2327,2185,2478,2573
여지도,古4709-68,GR33496_00,회덕현(懷德縣),GM33496IL0002_071.jpg,질치,1263,1658,1441,1823
여지도,古4709-68,GR33496_00,회덕현(懷德縣),GM33496IL0002_071.jpg,창,1219,1935,1366,2069
여지도,古4709-68,GR33496_00,회덕현(懷德縣),GM33496IL0002_071.jpg,청절서원,1650,1587,1806,1761
여지도,古4709-68,GR33496_00,회덕현(懷德縣),GM33496IL0002_071.jpg,청주계,1156,450,1499,709
여지도,古4709-68,GR33496_00,회덕현(懷德縣),GM33496IL0002_071.jpg,평치령,2255,1074,2398,1315
여지도,古4709-68,GR33496_00,회덕현(懷德縣),GM33496IL0002_071.jpg,향교,662,1859,881,1975
여지도,古4709-68,GR33496_00,회덕현(懷德縣),GM33496IL0002_071.jpg,현내면,640,2296,751,2515
여지도,古4709-68,GR33496_00,회덕현(懷德縣),GM33496IL0002_071.jpg,회덕현,2322,459,2491,1016
여지도,古4709-68,GR33496_00,회인현(懷仁縣),GM33496IL0002_051.jpg,가산,1732,2909,1850,3055
여지도,古4709-68,GR33496_00,회인현(懷仁縣),GM33496IL0002_051.jpg,객사,764,1484,990,1614
여지도,古4709-68,GR33496_00,회인현(懷仁縣),GM33496IL0002_051.jpg,남면,1560,2749,1678,2957
여지도,古4709-68,GR33496_00,회인현(懷仁縣),GM33496IL0002_051.jpg,노성산,1920,2615,2112,2811
여지도,古4709-68,GR33496_00,회인현(懷仁縣),GM33496IL0002_051.jpg,동면,1944,2109,2060,2293
여지도,古4709-68,GR33496_00,회인현(懷仁縣),GM33496IL0002_051.jpg,묵령,318,1576,448,1808
여지도,古4709-68,GR33496_00,회인현(懷仁縣),GM33496IL0002_051.jpg,문의계,66,1618,230,2045
여지도,古4709-68,GR33496_00,회인현(懷仁縣),GM33496IL0002_051.jpg,문의계,118,3103,286,3521
여지도,古4709-68,GR33496_00,회인현(懷仁縣),GM33496IL0002_051.jpg,보은계,2350,2135,2530,2527
여지도,古4709-68,GR33496_00,회인현(懷仁縣),GM33496IL0002_051.jpg,북면,1308,850,1412,1024
여지도,古4709-68,GR33496_00,회인현(懷仁縣),GM33496IL0002_051.jpg,사단,1014,1128,1154,1340
여지도,古4709-68,GR33496_00,회인현(懷仁縣),GM33496IL0002_051.jpg,서면,538,2381,644,2589
여지도,古4709-68,GR33496_00,회인현(懷仁縣),GM33496IL0002_051.jpg,아,582,1650,716,1782
여지도,古4709-68,GR33496_00,회인현(懷仁縣),GM33496IL0002_051.jpg,여단,1246,1472,1378,1670
여지도,古4709-68,GR33496_00,회인현(懷仁縣),GM33496IL0002_051.jpg,옥녀봉,804,2051,1040,2233
여지도,古4709-68,GR33496_00,회인현(懷仁縣),GM33496IL0002_051.jpg,옥천계,2358,3225,2514,3607
여지도,古4709-68,GR33496_00,회인현(懷仁縣),GM33496IL0002_051.jpg,창,698,1854,822,1984
여지도,古4709-68,GR33496_00,회인현(懷仁縣),GM33496IL0002_051.jpg,청주계,994,424,1128,782
여지도,古4709-68,GR33496_00,회인현(懷仁縣),GM33496IL0002_051.jpg,풍암,608,3173,808,3329
여지도,古4709-68,GR33496_00,회인현(懷仁縣),GM33496IL0002_051.jpg,피반령,1116,532,1244,766
여지도,古4709-68,GR33496_00,회인현(懷仁縣),GM33496IL0002_051.jpg,향교,1638,1882,1846,2025
여지도,古4709-68,GR33496_00,회인현(懷仁縣),GM33496IL0002_051.jpg,회인현,2348,422,2554,908
조선지도,奎16030,GK16030_00,공주,GM16030IL0006_002.jpg,각흘치,1124,1599,1311,1667
조선지도,奎16030,GK16030_00,공주,GM16030IL0006_002.jpg,갑사,2103,3393,2173,3527
조선지도,奎16030,GK16030_00,공주,GM16030IL0006_002.jpg,개수원,2804,3548,2871,3689
조선지도,奎16030,GK16030_00,공주,GM16030IL0006_002.jpg,개치,1335,1677,1405,1806
조선지도,奎16030,GK16030_00,공주,GM16030IL0006_002.jpg,거유령,889,2137,987,2339
조선지도,奎16030,GK16030_00,공주,GM16030IL0006_002.jpg,건평,1408,3718,1486,3862
조선지도,奎16030,GK16030_00,공주,GM16030IL0006_002.jpg,경천역,2031,3619,2111,3773
조선지도,奎16030,GK16030_00,공주,GM16030IL0006_002.jpg,계룡산,2266,3170,2428,3254
조선지도,奎16030,GK16030_00,공주,GM16030IL0006_002.jpg,고등산봉,1761,2435,1934,2520
조선지도,奎16030,GK16030_00,공주,GM16030IL0006_002.jpg,고신풍,1313,2448,1379,2626
조선지도,奎16030,GK16030_00,공주,GM16030IL0006_002.jpg,곡화천면,1516,3581,1586,3747
조선지도,奎16030,GK16030_00,공주,GM16030IL0006_002.jpg,공암서원,2185,3030,2257,3248
조선지도,奎16030,GK16030_00,공주,GM16030IL0006_002.jpg,광정역,1787,2221,1868,2405
조선지도,奎16030,GK16030_00,공주,GM16030IL0006_002.jpg,구칙면,2764,2816,2835,2972
조선지도,奎16030,GK16030_00,공주,GM16030IL0006_002.jpg,국사봉,1961,3799,2134,3892
조선지도,奎16030,GK16030_00,공주,GM16030IL0006_002.jpg,궁원,1691,2270,1762,2406
조선지도,奎16030,GK16030_00,공주,GM16030IL0006_002.jpg,나리진,2461,2804,2529,2943
조선지도,奎16030,GK16030_00,공주,GM16030IL0006_002.jpg,남부면,1708,3091,1783,3253
조선지도,奎16030,GK16030_00,공주,GM16030IL0006_002.jpg,남창,1663,3420,1773,3482
조선지도,奎16030,GK16030_00,공주,GM16030IL0006_002.jpg,단평역,1360,2642,1428,2826
조선지도,奎16030,GK16030_00,공주,GM16030IL0006_002.jpg,덕진,2845,2884,2904,3008
조선지도,奎16030,GK16030_00,공주,GM16030IL0006_002.jpg,도산,3013,3584,3064,3690
조선지도,奎16030,GK16030_00,공주,GM16030IL0006_002.jpg,동부면,1983,3030,2049,3189
조선지도,奎16030,GK16030_00,공주,GM16030IL0006_002.jpg,동창,2515,2675,2581,2785
조선지도,奎16030,GK16030_00,공주,GM16030IL0006_002.jpg,동천,1233,2680,1306,2773
조선지도,奎16030,GK16030_00,공주,GM16030IL0006_002.jpg,동혈산,1932,2576,1994,2724
조선지도,奎16030,GK16030_00,공주,GM16030IL0006_002.jpg,마곡사,1206,1997,1287,2179
조선지도,奎16030,GK16030_00,공주,GM16030IL0006_002.jpg,만인산,3288,3979,3455,4067
조선지도,奎16030,GK16030_00,공주,GM16030IL0006_002.jpg,명탄면,2655,2834,2725,3015
조선지도,奎16030,GK16030_00,공주,GM16030IL0006_002.jpg,모로원,1668,2641,1735,2809
조선지도,奎16030,GK16030_00,공주,GM16030IL0006_002.jpg,목동면,1758,3263,1828,3413
조선지도,奎16030,GK16030_00,공주,GM16030IL0006_002.jpg,무성산,1375,1882,1527,1966
조선지도,奎16030,GK16030_00,공주,GM16030IL0006_002.jpg,무수동,3392,3819,3461,3963
조선지도,奎16030,GK16030_00,공주,GM16030IL0006_002.jpg,미화부전,3189,3789,3257,3996
조선지도,奎16030,GK16030_00,공주,GM16030IL0006_002.jpg,반탄,1414,3261,1490,3383
조선지도,奎16030,GK16030_00,공주,GM16030IL0006_002.jpg,반탄면,1593,3342,1661,3495
조선지도,奎16030,GK16030_00,공주,GM16030IL0006_002.jpg,반포면,2501,3010,2567,3182
조선지도,奎16030,GK16030_00,공주,GM16030IL0006_002.jpg,보문산,2987,3821,3045,3937
조선지도,奎16030,GK16030_00,공주,GM16030IL0006_002.jpg,북창,1757,2114,1863,2181
조선지도,奎16030,GK16030_00,공주,GM16030IL0006_002.jpg,사곡면,1299,2207,1361,2369
조선지도,奎16030,GK16030_00,공주,GM16030IL0006_002.jpg,산내면,3492,3909,3547,4043
조선지도,奎16030,GK16030_00,공주,GM16030IL0006_002.jpg,삼치면,2243,2643,2314,2802
조선지도,奎16030,GK16030_00,공주,GM16030IL0006_002.jpg,삽치,2444,3214,2517,3343
조선지도,奎16030,GK16030_00,공주,GM16030IL0006_002.jpg,서원,2952,3589,3011,3713
조선지도,奎16030,GK16030_00,공주,GM16030IL0006_002.jpg,성두면,1169,2861,1253,3023
조선지도,奎16030,GK16030_00,공주,GM16030IL0006_002.jpg,소전리,3553,3927,3626,4079
조선지도,奎16030,GK16030_00,공주,GM16030IL0006_002.jpg,송악,1042,1618,1107,1735
조선지도,奎16030,GK16030_00,공주,GM16030IL0006_002.jpg,송치,962,2933,1114,3027
조선지도,奎16030,GK16030_00,공주,GM16030IL0006_002.jpg,신상면,1097,1755,1183,1904
조선지도,奎16030,GK16030_00,공주,GM16030IL0006_002.jpg,신하면,805,2308,883,2487
조선지도,奎16030,GK16030_00,공주,GM16030IL0006_002.jpg,쌍령봉,1608,1843,1683,2032
조선지도,奎16030,GK16030_00,공주,GM16030IL0006_002.jpg,쌍수산성,1826,2855,1978,2931
조선지도,奎16030,GK16030_00,공주,GM16030IL0006_002.jpg,양야리면,2572,2789,2640,2960
조선지도,奎16030,GK16030_00,공주,GM16030IL0006_002.jpg,요당면,2029,2685,2104,2854
조선지도,奎16030,GK16030_00,공주,GM16030IL0006_002.jpg,우정면,1534,2658,1607,2849
조선지도,奎16030,GK16030_00,공주,GM16030IL0006_002.jpg,웅진,1586,2897,1674,3050
조선지도,奎16030,GK16030_00,공주,GM16030IL0006_002.jpg,월성구봉,1791,2936,1971,3022
조선지도,奎16030,GK16030_00,공주,GM16030IL0006_002.jpg,유구역,1126,2334,1205,2505
조선지도,奎16030,GK16030_00,공주,GM16030IL0006_002.jpg,유등천면,3106,3591,3182,3813
조선지도,奎16030,GK16030_00,공주,GM16030IL0006_002.jpg,유성창,2753,3240,2884,3313
조선지도,奎16030,GK16030_00,공주,GM16030IL0006_002.jpg,의랑면,1904,2169,1988,2363
조선지도,奎16030,GK16030_00,공주,GM16030IL0006_002.jpg,이인,1556,3244,1674,3323
조선지도,奎16030,GK16030_00,공주,GM16030IL0006_002.jpg,익귀곡면,2292,2854,2363,3081
조선지도,奎16030,GK16030_00,공주,GM16030IL0006_002.jpg,일신역,1854,2663,1918,2805
조선지도,奎16030,GK16030_00,공주,GM16030IL0006_002.jpg,일신천,1739,2567,1795,2683
조선지도,奎16030,GK16030_00,공주,GM16030IL0006_002.jpg,장척동면,2131,2487,2211,2700
조선지도,奎16030,GK16030_00,공주,GM16030IL0006_002.jpg,정안역,1596,2209,1684,2408
조선지도,奎16030,GK16030_00,공주,GM16030IL0006_002.jpg,정치,1273,3513,1339,3644
조선지도,奎16030,GK16030_00,공주,GM16030IL0006_002.jpg,진두면,2008,3441,2093,3610
조선지도,奎16030,GK16030_00,공주,GM16030IL0006_002.jpg,차대산,2012,2505,2068,2644
조선지도,奎16030,GK16030_00,공주,GM16030IL0006_002.jpg,차령,1715,2011,1831,2099
조선지도,奎16030,GK16030_00,공주,GM16030IL0006_002.jpg,창,1228,2325,1296,2424
조선지도,奎16030,GK16030_00,공주,GM16030IL0006_002.jpg,창강서원,1344,3457,1423,3659
조선지도,奎16030,GK16030_00,공주,GM16030IL0006_002.jpg,천내면,3040,3441,3098,3562
조선지도,奎16030,GK16030_00,공주,GM16030IL0006_002.jpg,탄동면,2905,2989,2961,3136
조선지도,奎16030,GK16030_00,공주,GM16030IL0006_002.jpg,판치,1900,3212,2034,3287
조선지도,奎16030,GK16030_00,공주,GM16030IL0006_002.jpg,현내면,2685,3119,2749,3257
조선지도,奎16030,GK16030_00,문의,GM16030IL0006_018.jpg,금방산,2071,2484,2155,2623
조선지도,奎16030,GK16030_00,문의,GM16030IL0006_018.jpg,남면,1851,2869,1927,2981
조선지도,奎16030,GK16030_00,문의,GM16030IL0006_018.jpg,대명산,1417,2287,1560,2370
조선지도,奎16030,GK16030_00,문의,GM16030IL0006_018.jpg,덕유역,1672,2613,1742,2753
조선지도,奎16030,GK16030_00,문의,GM16030IL0006_018.jpg,동면,2086,2317,2143,2449
조선지도,奎16030,GK16030_00,문의,GM16030IL0006_018.jpg,만치,1869,2587,1999,2665
조선지도,奎16030,GK16030_00,문의,GM16030IL0006_018.jpg,묘벽동,1911,2679,1979,2844
조선지도,奎16030,GK16030_00,문의,GM16030IL0006_018.jpg,봉,1887,2506,1949,2568
조선지도,奎16030,GK16030_00,문의,GM16030IL0006_018.jpg,북면,1476,2402,1540,2512
조선지도,奎16030,GK16030_00,문의,GM16030IL0006_018.jpg,서도면,1476,2637,1530,2777
조선지도,奎16030,GK16030_00,문의,GM16030IL0006_018.jpg,서삼도면,1126,2570,1266,2615
조선지도,奎16030,GK16030_00,문의,GM16030IL0006_018.jpg,서원,1080,2589,1125,2708
조선지도,奎16030,GK16030_00,문의,GM16030IL0006_018.jpg,서원,1370,2709,1434,2835
조선지도,奎16030,GK16030_00,문의,GM16030IL0006_018.jpg,서이도면,1241,2621,1303,2777
조선지도,奎16030,GK16030_00,문의,GM16030IL0006_018.jpg,신탄강정,1248,2807,1366,2923
조선지도,奎16030,GK16030_00,문의,GM16030IL0006_018.jpg,양생산,1589,2467,1749,2562
조선지도,奎16030,GK16030_00,문의,GM16030IL0006_018.jpg,월굴산,1758,2678,1825,2844
조선지도,奎16030,GK16030_00,문의,GM16030IL0006_018.jpg,율치,1665,2337,1808,2403
조선지도,奎16030,GK16030_00,문의,GM16030IL0006_018.jpg,이소산,1884,2453,2027,2503
조선지도,奎16030,GK16030_00,문의,GM16030IL0006_018.jpg,증산,1213,2385,1290,2491
조선지도,奎16030,GK16030_00,문의,GM16030IL0006_018.jpg,태봉,2001,2659,2071,2782
조선지도,奎16030,GK16030_00,문의,GM16030IL0006_018.jpg,현사,1558,2631,1658,2696
조선지도,奎16030,GK16030_00,문의,GM16030IL0006_018.jpg,형각진,1678,2915,1841,2996
조선지도,奎16030,GK16030_00,연기,GM16030IL0006_010.jpg,금사역,1605,2783,1661,2936
조선지도,奎16030,GK16030_00,연기,GM16030IL0006_010.jpg,남면,1668,2704,1723,2812
조선지도,奎16030,GK16030_00,연기,GM16030IL0006_010.jpg,대박산,1474,2391,1542,2504
조선지도,奎16030,GK16030_00,연기,GM16030IL0006_010.jpg,동면,1931,2817,1991,2929
조선지도,奎16030,GK16030_00,연기,GM16030IL0006_010.jpg,동이산,1738,2606,1799,2729
조선지도,奎16030,GK16030_00,연기,GM16030IL0006_010.jpg,동진,1743,2470,1809,2594
조선지도,奎16030,GK16030_00,연기,GM16030IL0006_010.jpg,둔덕산,1311,2551,1466,2613
조선지도,奎16030,GK16030_00,연기,GM16030IL0006_010.jpg,북삼면,1352,2358,1423,2491
조선지도,奎16030,GK16030_00,연기,GM16030IL0006_010.jpg,북이면,1461,2298,1598,2343
조선지도,奎16030,GK16030_00,연기,GM16030IL0006_010.jpg,북일면,1660,2264,1723,2377
조선지도,奎16030,GK16030_00,연기,GM16030IL0006_010.jpg,성당사,1196,2374,1269,2535
조선지도,奎16030,GK16030_00,연기,GM16030IL0006_010.jpg,소학동,1412,2629,1480,2783
조선지도,奎16030,GK16030_00,연기,GM16030IL0006_010.jpg,송현,1402,2157,1533,2224
조선지도,奎16030,GK16030_00,연기,GM16030IL0006_010.jpg,양인동,1819,2748,1965,2809
조선지도,奎16030,GK16030_00,연기,GM16030IL0006_010.jpg,오봉산,1600,2152,1739,2217
조선지도,奎16030,GK16030_00,연기,GM16030IL0006_010.jpg,오좌산,1572,2343,1635,2435
조선지도,奎16030,GK16030_00,연기,GM16030IL0006_010.jpg,용당,1844,2812,1911,2930
조선지도,奎16030,GK16030_00,연기,GM16030IL0006_010.jpg,운주산,1095,2372,1165,2505
조선지도,奎16030,GK16030_00,연기,GM16030IL0006_010.jpg,원사산,1534,2640,1592,2735
조선지도,奎16030,GK16030_00,연기,GM16030IL0006_010.jpg,전월산,1518,2739,1584,2858
조선지도,奎16030,GK16030_00,연산,GM16030IL0006_008.jpg,개태치,1350,2818,1408,2940
조선지도,奎16030,GK16030_00,연산,GM16030IL0006_008.jpg,거사리천,1193,3498,1319,3555
조선지도,奎16030,GK16030_00,연산,GM16030IL0006_008.jpg,계룡산,1163,2215,1323,2292
조선지도,奎16030,GK16030_00,연산,GM16030IL0006_008.jpg,구산,1187,3052,1259,3112
조선지도,奎16030,GK16030_00,연산,GM16030IL0006_008.jpg,대둔산,1713,3279,1850,3343
조선지도,奎16030,GK16030_00,연산,GM16030IL0006_008.jpg,도솔산,1477,3268,1555,3405
조선지도,奎16030,GK16030_00,연산,GM16030IL0006_008.jpg,두마면,1286,2707,1349,2818
조선지도,奎16030,GK16030_00,연산,GM16030IL0006_008.jpg,둔암서원,964,3119,1046,3306
조선지도,奎16030,GK16030_00,연산,GM16030IL0006_008.jpg,모촌리,1359,3308,1431,3445
조선지도,奎16030,GK16030_00,연산,GM16030IL0006_008.jpg,백석면,1210,2926,1258,3038
조선지도,奎16030,GK16030_00,연산,GM16030IL0006_008.jpg,벌곡면,1675,3103,1837,3169
조선지도,奎16030,GK16030_00,연산,GM16030IL0006_008.jpg,부인처면,892,3116,957,3271
조선지도,奎16030,GK16030_00,연산,GM16030IL0006_008.jpg,사교천,712,3232,773,3351
조선지도,奎16030,GK16030_00,연산,GM16030IL0006_008.jpg,사현,1136,2651,1204,2735
조선지도,奎16030,GK16030_00,연산,GM16030IL0006_008.jpg,살포치,1063,2917,1135,3038
조선지도,奎16030,GK16030_00,연산,GM16030IL0006_008.jpg,서원,1094,3055,1186,3118
조선지도,奎16030,GK16030_00,연산,GM16030IL0006_008.jpg,서원,1147,3150,1198,3258
조선지도,奎16030,GK16030_00,연산,GM16030IL0006_008.jpg,식한면,1141,2792,1200,2918
조선지도,奎16030,GK16030_00,연산,GM16030IL0006_008.jpg,양정치,1214,2771,1265,2871
조선지도,奎16030,GK16030_00,연산,GM16030IL0006_008.jpg,외성면,1062,3143,1136,3258
조선지도,奎16030,GK16030_00,연산,GM16030IL0006_008.jpg,적목곡,969,3310,1042,3406
조선지도,奎16030,GK16030_00,연산,GM16030IL0006_008.jpg,평천역,832,3298,957,3356
조선지도,奎16030,GK16030_00,연산,GM16030IL0006_008.jpg,한지천,1509,3059,1589,3194
조선지도,奎16030,GK16030_00,연산,GM16030IL0006_008.jpg,황령,1346,3148,1414,3251
조선지도,奎16030,GK16030_00,연산,GM16030IL0006_008.jpg,후천,1262,3013,1320,3096
조선지도,奎16030,GK16030_00,연산,GM16030IL0006_008.jpg,휴정서원,1111,3374,1319,3449
조선지도,奎16030,GK16030_00,옥천,GM16030IL0006_012.jpg,가치,2289,4034,2380,4094
조선지도,奎16030,GK16030_00,옥천,GM16030IL0006_012.jpg,갈치,2090,3612,2153,3721
조선지도,奎16030,GK16030_00,옥천,GM16030IL0006_012.jpg,감로산,1051,2317,1184,2373
조선지도,奎16030,GK16030_00,옥천,GM16030IL0006_012.jpg,군남면,1399,2675,1466,2793
조선지도,奎16030,GK16030_00,옥천,GM16030IL0006_012.jpg,군동면,1787,2394,1857,2549
조선지도,奎16030,GK16030_00,옥천,GM16030IL0006_012.jpg,군북면,1263,2359,1324,2493
조선지도,奎16030,GK16030_00,옥천,GM16030IL0006_012.jpg,군서면,1088,2541,1257,2601
조선지도,奎16030,GK16030_00,옥천,GM16030IL0006_012.jpg,금적산,2042,1885,2208,1961
조선지도,奎16030,GK16030_00,옥천,GM16030IL0006_012.jpg,남면,1672,3164,1783,3225
조선지도,奎16030,GK16030_00,옥천,GM16030IL0006_012.jpg,남이면,2153,3888,2232,3989
조선지도,奎16030,GK16030_00,옥천,GM16030IL0006_012.jpg,마니산,1855,3232,1921,3353
조선지도,奎16030,GK16030_00,옥천,GM16030IL0006_012.jpg,마성산,1438,2311,1498,2433
조선지도,奎16030,GK16030_00,옥천,GM16030IL0006_012.jpg,문치,1901,2027,2010,2091
조선지도,奎16030,GK16030_00,옥천,GM16030IL0006_012.jpg,봉,1288,2220,1331,2270
조선지도,奎16030,GK16030_00,옥천,GM16030IL0006_012.jpg,비봉산,1628,3320,1689,3454
조선지도,奎16030,GK16030_00,옥천,GM16030IL0006_012.jpg,삼성산,1352,2615,1458,2670
조선지도,奎16030,GK16030_00,옥천,GM16030IL0006_012.jpg,서대산,1242,2761,1376,2835
조선지도,奎16030,GK16030_00,옥천,GM16030IL0006_012.jpg,서화수,1148,2687,1222,2811
조선지도,奎16030,GK16030_00,옥천,GM16030IL0006_012.jpg,순양역,2004,3723,2142,3905
조선지도,奎16030,GK16030_00,옥천,GM16030IL0006_012.jpg,식장산,863,2485,920,2634
조선지도,奎16030,GK16030_00,옥천,GM16030IL0006_012.jpg,신탄,1560,2693,1643,2803
조선지도,奎16030,GK16030_00,옥천,GM16030IL0006_012.jpg,안남면,1967,2388,2116,2445
조선지도,奎16030,GK16030_00,옥천,GM16030IL0006_012.jpg,안내면,1626,2200,1790,2268
조선지도,奎16030,GK16030_00,옥천,GM16030IL0006_012.jpg,안읍창,1902,2207,2047,2288
조선지도,奎16030,GK16030_00,옥천,GM16030IL0006_012.jpg,안치,2077,2264,2140,2376
조선지도,奎16030,GK16030_00,옥천,GM16030IL0006_012.jpg,양남면,2393,3883,2448,4044
조선지도,奎16030,GK16030_00,옥천,GM16030IL0006_012.jpg,양내면,1974,3434,2036,3576
조선지도,奎16030,GK16030_00,옥천,GM16030IL0006_012.jpg,양산창,1823,3424,1957,3493
조선지도,奎16030,GK16030_00,옥천,GM16030IL0006_012.jpg,영음치,2164,2035,2227,2192
조선지도,奎16030,GK16030_00,옥천,GM16030IL0006_012.jpg,월이봉,1539,2889,1667,2955
조선지도,奎16030,GK16030_00,옥천,GM16030IL0006_012.jpg,유령,2046,2461,2119,2550
조선지도,奎16030,GK16030_00,옥천,GM16030IL0006_012.jpg,이남면,1423,2815,1478,2943
조선지도,奎16030,GK16030_00,옥천,GM16030IL0006_012.jpg,이내면,1682,2814,1738,2949
조선지도,奎16030,GK16030_00,옥천,GM16030IL0006_012.jpg,이산창,1472,3043,1539,3155
조선지도,奎16030,GK16030_00,옥천,GM16030IL0006_012.jpg,자작리,2517,3923,2584,4094
조선지도,奎16030,GK16030_00,옥천,GM16030IL0006_012.jpg,장사리,1500,2097,1645,2153
조선지도,奎16030,GK16030_00,옥천,GM16030IL0006_012.jpg,장선치,1706,1971,1771,2148
조선지도,奎16030,GK16030_00,옥천,GM16030IL0006_012.jpg,적등봉,1786,2983,1855,3144
조선지도,奎16030,GK16030_00,옥천,GM16030IL0006_012.jpg,증약역,1000,2376,1142,2433
조선지도,奎16030,GK16030_00,옥천,GM16030IL0006_012.jpg,지근산,1697,3255,1843,3323
조선지도,奎16030,GK16030_00,옥천,GM16030IL0006_012.jpg,천마산,2239,3832,2391,3897
조선지도,奎16030,GK16030_00,옥천,GM16030IL0006_012.jpg,토파역,1578,3020,1653,3148
조선지도,奎16030,GK16030_00,옥천,GM16030IL0006_012.jpg,표충사,1921,2646,2073,2721
조선지도,奎16030,GK16030_00,옥천,GM16030IL0006_012.jpg,호탄,1487,3194,1551,3303
조선지도,奎16030,GK16030_00,옥천,GM16030IL0006_012.jpg,화인역,1910,2446,1989,2584
조선지도,奎16030,GK16030_00,옥천,GM16030IL0006_012.jpg,환산,1202,2256,1286,2303
조선지도,奎16030,GK16030_00,은진,GM16030IL0006_006.jpg,가야곡면,1777,2563,1828,2708
조선지도,奎16030,GK16030_00,은진,GM16030IL0006_006.jpg,갈마동면,2016,2854,2070,3032
조선지도,奎16030,GK16030_00,은진,GM16030IL0006_006.jpg,갈마면,1856,2721,1925,2843
조선지도,奎16030,GK16030_00,은진,GM16030IL0006_006.jpg,강경,1343,2786,1382,2867
조선지도,奎16030,GK16030_00,은진,GM16030IL0006_006.jpg,강창,1297,2781,1341,2866
조선지도,奎16030,GK16030_00,은진,GM16030IL0006_006.jpg,곡면,1738,3060,1770,3123
조선지도,奎16030,GK16030_00,은진,GM16030IL0006_006.jpg,관촉사,1513,2486,1640,2533
조선지도,奎16030,GK16030_00,은진,GM16030IL0006_006.jpg,구노현,1917,2917,1981,3027
조선지도,奎16030,GK16030_00,은진,GM16030IL0006_006.jpg,구자,1771,3060,1799,3133
조선지도,奎16030,GK16030_00,은진,GM16030IL0006_006.jpg,김포면,1383,2719,1447,2829
조선지도,奎16030,GK16030_00,은진,GM16030IL0006_006.jpg,대조곡면,1530,2680,1688,2734
조선지도,奎16030,GK16030_00,은진,GM16030IL0006_006.jpg,도곡면,1475,2848,1605,2895
조선지도,奎16030,GK16030_00,은진,GM16030IL0006_006.jpg,두상면,1859,3015,1905,3119
조선지도,奎16030,GK16030_00,은진,GM16030IL0006_006.jpg,두상면,1973,3065,2024,3165
조선지도,奎16030,GK16030_00,은진,GM16030IL0006_006.jpg,마랑산,1800,3025,1850,3137
조선지도,奎16030,GK16030_00,은진,GM16030IL0006_006.jpg,미륵,1557,2557,1612,2643
조선지도,奎16030,GK16030_00,은진,GM16030IL0006_006.jpg,봉,1195,2796,1252,2853
조선지도,奎16030,GK16030_00,은진,GM16030IL0006_006.jpg,불명산,2146,2933,2263,2986
조선지도,奎16030,GK16030_00,은진,GM16030IL0006_006.jpg,성본면,1420,2566,1487,2674
조선지도,奎16030,GK16030_00,은진,GM16030IL0006_006.jpg,소호산,1628,2838,1688,2957
조선지도,奎16030,GK16030_00,은진,GM16030IL0006_006.jpg,송산면,1699,2539,1758,2648
조선지도,奎16030,GK16030_00,은진,GM16030IL0006_006.jpg,송진,1610,2403,1660,2474
조선지도,奎16030,GK16030_00,은진,GM16030IL0006_006.jpg,수령산,1824,3160,1930,3226
조선지도,奎16030,GK16030_00,은진,GM16030IL0006_006.jpg,쌍계사,2081,2973,2129,3095
조선지도,奎16030,GK16030_00,은진,GM16030IL0006_006.jpg,연산창,1386,2379,1523,2455
조선지도,奎16030,GK16030_00,은진,GM16030IL0006_006.jpg,우포면,1533,2735,1586,2847
조선지도,奎16030,GK16030_00,은진,GM16030IL0006_006.jpg,율령천,1830,2564,1886,2708
조선지도,奎16030,GK16030_00,은진,GM16030IL0006_006.jpg,전촌,1933,2842,2015,2894
조선지도,奎16030,GK16030_00,은진,GM16030IL0006_006.jpg,죽본면,1727,2740,1786,2854
조선지도,奎16030,GK16030_00,은진,GM16030IL0006_006.jpg,채운면,1279,2895,1353,3018
조선지도,奎16030,GK16030_00,은진,GM16030IL0006_006.jpg,화산면,1473,2724,1528,2827
조선지도,奎16030,GK16030_00,은진,GM16030IL0006_006.jpg,화지산면,1539,2380,1597,2485
조선지도,奎16030,GK16030_00,은진,GM16030IL0006_006.jpg,황화산,1510,2556,1554,2653
조선지도,奎16030,GK16030_00,진잠,GM16030IL0006_009.jpg,계룡산,2346,2458,2497,2515
조선지도,奎16030,GK16030_00,진잠,GM16030IL0006_009.jpg,계룡천,2466,2786,2534,2916
조선지도,奎16030,GK16030_00,진잠,GM16030IL0006_009.jpg,구봉,2701,2741,2790,2815
조선지도,奎16030,GK16030_00,진잠,GM16030IL0006_009.jpg,금수산,2619,2384,2694,2505
조선지도,奎16030,GK16030_00,진잠,GM16030IL0006_009.jpg,동면,2885,2609,2940,2699
조선지도,奎16030,GK16030_00,진잠,GM16030IL0006_009.jpg,북면,2760,2545,2825,2613
조선지도,奎16030,GK16030_00,진잠,GM16030IL0006_009.jpg,상남면,2840,2855,2907,2960
조선지도,奎16030,GK16030_00,진잠,GM16030IL0006_009.jpg,서면,2536,2878,2596,2948
조선지도,奎16030,GK16030_00,진잠,GM16030IL0006_009.jpg,소요정,2598,2819,2663,2959
조선지도,奎16030,GK16030_00,진잠,GM16030IL0006_009.jpg,안평산,2842,3054,2945,3110
조선지도,奎16030,GK16030_00,진잠,GM16030IL0006_009.jpg,약사봉,2577,2610,2652,2745
조선지도,奎16030,GK16030_00,진잠,GM16030IL0006_009.jpg,옥산,2796,2685,2885,2730
조선지도,奎16030,GK16030_00,진잠,GM16030IL0006_009.jpg,용태동,2724,2992,2859,3057
조선지도,奎16030,GK16030_00,진잠,GM16030IL0006_009.jpg,하남면,2630,2968,2679,3063
조선지도,奎16030,GK16030_00,진잠,GM16030IL0006_009.jpg,해태산,2948,3057,2999,3156
조선지도,奎16030,GK16030_00,청주,GM16030IL0006_020.jpg,거질대령,3885,2679,3952,2838
조선지도,奎16030,GK16030_00,청주,GM16030IL0006_020.jpg,검단산,5009,2786,5147,2861
조선지도,奎16030,GK16030_00,청주,GM16030IL0006_020.jpg,공림사,4811,2700,4880,2829
조선지도,奎16030,GK16030_00,청주,GM16030IL0006_020.jpg,굴치,5124,2443,5191,2548
조선지도,奎16030,GK16030_00,청주,GM16030IL0006_020.jpg,금성창,2992,2316,3051,2441
조선지도,奎16030,GK16030_00,청주,GM16030IL0006_020.jpg,금장대,5485,2987,5681,3062
조선지도,奎16030,GK16030_00,청주,GM16030IL0006_020.jpg,기곡산,4416,2511,4483,2641
조선지도,奎16030,GK16030_00,청주,GM16030IL0006_020.jpg,기암서원,3355,2433,3565,2508
조선지도,奎16030,GK16030_00,청주,GM16030IL0006_020.jpg,남이면,3606,2955,3673,3092
조선지도,奎16030,GK16030_00,청주,GM16030IL0006_020.jpg,남일면,3717,2944,3832,3007
조선지도,奎16030,GK16030_00,청주,GM16030IL0006_020.jpg,남차이면,3355,2929,3417,3072
조선지도,奎16030,GK16030_00,청주,GM16030IL0006_020.jpg,대교천,3569,2803,3621,2935
조선지도,奎16030,GK16030_00,청주,GM16030IL0006_020.jpg,대명산,3445,3039,3560,3099
조선지도,奎16030,GK16030_00,청주,GM16030IL0006_020.jpg,동림사,3044,2521,3103,2656
조선지도,奎16030,GK16030_00,청주,GM16030IL0006_020.jpg,령,4270,3090,4333,3162
조선지도,奎16030,GK16030_00,청주,GM16030IL0006_020.jpg,만동묘,5270,2773,5340,2930
조선지도,奎16030,GK16030_00,청주,GM16030IL0006_020.jpg,백록서원,2904,2843,2976,3030
조선지도,奎16030,GK16030_00,청주,GM16030IL0006_020.jpg,병영,3653,2653,3753,2713
조선지도,奎16030,GK16030_00,청주,GM16030IL0006_020.jpg,부탄,3015,3022,3073,3122
조선지도,奎16030,GK16030_00,청주,GM16030IL0006_020.jpg,북강내이면,4075,2316,4129,2462
조선지도,奎16030,GK16030_00,청주,GM16030IL0006_020.jpg,북강내일면,3659,2410,3865,2497
조선지도,奎16030,GK16030_00,청주,GM16030IL0006_020.jpg,북강외이면,3487,2245,3542,2407
조선지도,奎16030,GK16030_00,청주,GM16030IL0006_020.jpg,북강외일면,3797,2242,3995,2347
조선지도,奎16030,GK16030_00,청주,GM16030IL0006_020.jpg,북수,3590,2665,3647,2770
조선지도,奎16030,GK16030_00,청주,GM16030IL0006_020.jpg,북창,3573,2314,3684,2374
조선지도,奎16030,GK16030_00,청주,GM16030IL0006_020.jpg,분치,4347,2618,4412,2723
조선지도,奎16030,GK16030_00,청주,GM16030IL0006_020.jpg,비곶산,5365,2389,5566,2466
조선지도,奎16030,GK16030_00,청주,GM16030IL0006_020.jpg,산내이상면,4207,2699,4267,2864
조선지도,奎16030,GK16030_00,청주,GM16030IL0006_020.jpg,산내일면,4394,2954,4583,3008
조선지도,奎16030,GK16030_00,청주,GM16030IL0006_020.jpg,산당산성,3829,2474,3891,2632
조선지도,奎16030,GK16030_00,청주,GM16030IL0006_020.jpg,산외이면,4119,2465,4264,2517
조선지도,奎16030,GK16030_00,청주,GM16030IL0006_020.jpg,산외일면,3898,2490,4058,2560
조선지도,奎16030,GK16030_00,청주,GM16030IL0006_020.jpg,상내하면,4062,2945,4122,3085
조선지도,奎16030,GK16030_00,청주,GM16030IL0006_020.jpg,서강내이면,3171,2995,3227,3144
조선지도,奎16030,GK16030_00,청주,GM16030IL0006_020.jpg,서강내일면,3271,2740,3328,2920
조선지도,奎16030,GK16030_00,청주,GM16030IL0006_020.jpg,서강외이면,3142,2365,3209,2533
조선지도,奎16030,GK16030_00,청주,GM16030IL0006_020.jpg,서강외일면,3086,2672,3154,2836
조선지도,奎16030,GK16030_00,청주,GM16030IL0006_020.jpg,서원,3729,2505,3794,2615
조선지도,奎16030,GK16030_00,청주,GM16030IL0006_020.jpg,서원,3842,2898,3917,3012
조선지도,奎16030,GK16030_00,청주,GM16030IL0006_020.jpg,서원,4103,2775,4166,2897
조선지도,奎16030,GK16030_00,청주,GM16030IL0006_020.jpg,서원,5160,2772,5232,2897
조선지도,奎16030,GK16030_00,청주,GM16030IL0006_020.jpg,서천,4482,2740,4565,2867
조선지도,奎16030,GK16030_00,청주,GM16030IL0006_020.jpg,선유동,5502,2617,5575,2767
조선지도,奎16030,GK16030_00,청주,GM16030IL0006_020.jpg,선지산,3962,2972,4037,3107
조선지도,奎16030,GK16030_00,청주,GM16030IL0006_020.jpg,소정참,3146,2211,3217,2354
조선지도,奎16030,GK16030_00,청주,GM16030IL0006_020.jpg,소탄,3036,2179,3141,2242
조선지도,奎16030,GK16030_00,청주,GM16030IL0006_020.jpg,송계서원,3471,2855,3540,3031
조선지도,奎16030,GK16030_00,청주,GM16030IL0006_020.jpg,송면리,5374,2886,5537,2936
조선지도,奎16030,GK16030_00,청주,GM16030IL0006_020.jpg,수신면,2931,2191,2988,2346
조선지도,奎16030,GK16030_00,청주,GM16030IL0006_020.jpg,숙산역,3075,3037,3119,3164
조선지도,奎16030,GK16030_00,청주,GM16030IL0006_020.jpg,신원창,3272,2445,3341,2584
조선지도,奎16030,GK16030_00,청주,GM16030IL0006_020.jpg,쌍수역,3759,3032,3932,3107
조선지도,奎16030,GK16030_00,청주,GM16030IL0006_020.jpg,쌍천,4047,2770,4099,2890
조선지도,奎16030,GK16030_00,청주,GM16030IL0006_020.jpg,안심사,3155,3150,3330,3228
조선지도,奎16030,GK16030_00,청주,GM16030IL0006_020.jpg,오근진,3567,2503,3632,2653
조선지도,奎16030,GK16030_00,청주,GM16030IL0006_020.jpg,용굴,4184,2871,4251,2984
조선지도,奎16030,GK16030_00,청주,GM16030IL0006_020.jpg,용자산,2983,2512,3040,2640
조선지도,奎16030,GK16030_00,청주,GM16030IL0006_020.jpg,웅치,4506,3134,4636,3216
조선지도,奎16030,GK16030_00,청주,GM16030IL0006_020.jpg,유치,5205,2966,5335,3029
조선지도,奎16030,GK16030_00,청주,GM16030IL0006_020.jpg,율봉,3646,2535,3714,2650
조선지도,奎16030,GK16030_00,청주,GM16030IL0006_020.jpg,율치,3724,3121,3846,3181
조선지도,奎16030,GK16030_00,청주,GM16030IL0006_020.jpg,인두산,3942,2611,4059,2671
조선지도,奎16030,GK16030_00,청주,GM16030IL0006_020.jpg,인천,3397,2777,3459,2888
조선지도,奎16030,GK16030_00,청주,GM16030IL0006_020.jpg,작천,3416,2577,3501,2702
조선지도,奎16030,GK16030_00,청주,GM16030IL0006_020.jpg,장명역,2819,2177,2902,2327
조선지도,奎16030,GK16030_00,청주,GM16030IL0006_020.jpg,저산,3121,3015,3168,3087
조선지도,奎16030,GK16030_00,청주,GM16030IL0006_020.jpg,좌구산,4410,2389,4590,2466
조선지도,奎16030,GK16030_00,청주,GM16030IL0006_020.jpg,청산주,4825,2860,4900,3028
조선지도,奎16030,GK16030_00,청주,GM16030IL0006_020.jpg,청천면,4629,2687,4766,2766
조선지도,奎16030,GK16030_00,청주,GM16030IL0006_020.jpg,청천창,4601,2554,4747,2627
조선지도,奎16030,GK16030_00,청주,GM16030IL0006_020.jpg,팔봉산,3348,3112,3408,3235
조선지도,奎16030,GK16030_00,청주,GM16030IL0006_020.jpg,화양동,5231,2556,5311,2706
조선지도,奎16030,GK16030_00,청주,GM16030IL0006_020.jpg,환장암,5030,2580,5217,2663
조선지도,奎16030,GK16030_00,청주,GM16030IL0006_020.jpg,환희산,3544,2216,3691,2286
조선지도,奎16030,GK16030_00,회덕,GM16030IL0006_011.jpg,갑천,2192,2500,2245,2593
조선지도,奎16030,GK16030_00,회덕,GM16030IL0006_011.jpg,내남면,2355,2472,2420,2596
조선지도,奎16030,GK16030_00,회덕,GM16030IL0006_011.jpg,동면,2559,2425,2669,2490
조선지도,奎16030,GK16030_00,회덕,GM16030IL0006_011.jpg,동치,2450,2504,2512,2617
조선지도,奎16030,GK16030_00,회덕,GM16030IL0006_011.jpg,미호,2341,2110,2410,2222
조선지도,奎16030,GK16030_00,회덕,GM16030IL0006_011.jpg,북면,2271,2303,2329,2363
조선지도,奎16030,GK16030_00,회덕,GM16030IL0006_011.jpg,서면,2081,2353,2176,2402
조선지도,奎16030,GK16030_00,회덕,GM16030IL0006_011.jpg,서원,2079,2406,2176,2462
조선지도,奎16030,GK16030_00,회덕,GM16030IL0006_011.jpg,서원,2236,2367,2307,2474
조선지도,奎16030,GK16030_00,회덕,GM16030IL0006_011.jpg,서원,2268,2211,2335,2303
조선지도,奎16030,GK16030_00,회덕,GM16030IL0006_011.jpg,식장산,2641,2801,2700,2930
조선지도,奎16030,GK16030_00,회덕,GM16030IL0006_011.jpg,외남면,2553,2712,2616,2848
조선지도,奎16030,GK16030_00,회덕,GM16030IL0006_011.jpg,원치,2653,2586,2729,2708
조선지도,奎16030,GK16030_00,회덕,GM16030IL0006_011.jpg,일도면,2659,2280,2729,2401
조선지도,奎16030,GK16030_00,회덕,GM16030IL0006_011.jpg,정민역,2085,2466,2186,2539
조선지도,奎16030,GK16030_00,회덕,GM16030IL0006_011.jpg,질치,2543,2607,2612,2698
조선지도,奎16030,GK16030_00,회덕,GM16030IL0006_011.jpg,학족산봉,2334,2359,2483,2419
조선지도,奎16030,GK16030_00,회덕,GM16030IL0006_011.jpg,형각진,2489,2037,2559,2202
조선지도,奎16030,GK16030_00,회인,GM16030IL0006_017.jpg,강외면,2189,3068,2247,3180
조선지도,奎16030,GK16030_00,회인,GM16030IL0006_017.jpg,구룡산,2762,2423,2837,2531
조선지도,奎16030,GK16030_00,회인,GM16030IL0006_017.jpg,금방산,2255,2392,2320,2513
조선지도,奎16030,GK16030_00,회인,GM16030IL0006_017.jpg,남면,2433,2903,2496,3003
조선지도,奎16030,GK16030_00,회인,GM16030IL0006_017.jpg,노령,2738,2619,2796,2731
조선지도,奎16030,GK16030_00,회인,GM16030IL0006_017.jpg,노성산,2623,2907,2694,3004
조선지도,奎16030,GK16030_00,회인,GM16030IL0006_017.jpg,동면,2799,2627,2854,2729
조선지도,奎16030,GK16030_00,회인,GM16030IL0006_017.jpg,묵현,2071,2756,2152,2880
조선지도,奎16030,GK16030_00,회인,GM16030IL0006_017.jpg,미흘령,2293,2883,2367,3021
조선지도,奎16030,GK16030_00,회인,GM16030IL0006_017.jpg,미흘탄,2381,3043,2464,3173
조선지도,奎16030,GK16030_00,회인,GM16030IL0006_017.jpg,북면,2423,2366,2472,2441
조선지도,奎16030,GK16030_00,회인,GM16030IL0006_017.jpg,서면,2195,2773,2259,2856
조선지도,奎16030,GK16030_00,회인,GM16030IL0006_017.jpg,아마산,2279,2709,2348,2843
조선지도,奎16030,GK16030_00,회인,GM16030IL0006_017.jpg,웅치,2679,2231,2753,2338
조선지도,奎16030,GK16030_00,회인,GM16030IL0006_017.jpg,장선치,2791,2884,2944,2948
조선지도,奎16030,GK16030_00,회인,GM16030IL0006_017.jpg,차의현,2911,2444,2976,2586
조선지도,奎16030,GK16030_00,회인,GM16030IL0006_017.jpg,피반령,2543,2270,2601,2418
지승,奎15423,GK15423_00,공주목 (公州牧),GK15423_00IH0002_006a.jpg,각흘치,720,1000,730,1058
지승,奎15423,GK15423_00,공주목 (公州牧),GK15423_00IH0002_006a.jpg,갑사,977,3030,1015,3040
지승,奎15423,GK15423_00,공주목 (公州牧),GK15423_00IH0002_006a.jpg,객사,943,2125,953,2159
지승,奎15423,GK15423_00,공주목 (公州牧),GK15423_00IH0002_006a.jpg,경천역,1027,3715,1037,3775
지승,奎15423,GK15423_00,공주목 (公州牧),GK15423_00IH0002_006a.jpg,계룡산,1043,3437,1116,3447
지승,奎15423,GK15423_00,공주목 (公州牧),GK15423_00IH0002_006a.jpg,고등산봉대,1486,1531,1624,1621
지승,奎15423,GK15423_00,공주목 (公州牧),GK15423_00IH0002_006a.jpg,관풍루,785,2183,807,2236
지승,奎15423,GK15423_00,공주목 (公州牧),GK15423_00IH0002_006a.jpg,구칙면,2034,2827,2044,2887
지승,奎15423,GK15423_00,공주목 (公州牧),GK15423_00IH0002_006a.jpg,금강진,1347,1817,1357,1867
지승,奎15423,GK15423_00,공주목 (公州牧),GK15423_00IH0002_006a.jpg,남부면,364,2649,374,2704
지승,奎15423,GK15423_00,공주목 (公州牧),GK15423_00IH0002_006a.jpg,남창,405,3185,448,3195
지승,奎15423,GK15423_00,공주목 (公州牧),GK15423_00IH0002_006a.jpg,내화천면,276,3444,286,3531
지승,奎15423,GK15423_00,공주목 (公州牧),GK15423_00IH0002_006a.jpg,단평역,341,1780,351,1847
지승,奎15423,GK15423_00,공주목 (公州牧),GK15423_00IH0002_006a.jpg,도산서원,1704,3372,1795,3382
지승,奎15423,GK15423_00,공주목 (公州牧),GK15423_00IH0002_006a.jpg,동부면,1447,2754,1457,2824
지승,奎15423,GK15423_00,공주목 (公州牧),GK15423_00IH0002_006a.jpg,동창,1906,2670,1953,2680
지승,奎15423,GK15423_00,공주목 (公州牧),GK15423_00IH0002_006a.jpg,동학사,1197,3076,1243,3127
지승,奎15423,GK15423_00,공주목 (公州牧),GK15423_00IH0002_006a.jpg,동혈사,1721,1855,1772,1865
지승,奎15423,GK15423_00,공주목 (公州牧),GK15423_00IH0002_006a.jpg,마곡사,897,1259,960,1269
지승,奎15423,GK15423_00,공주목 (公州牧),GK15423_00IH0002_006a.jpg,명탄면,1920,2744,1930,2813
지승,奎15423,GK15423_00,공주목 (公州牧),GK15423_00IH0002_006a.jpg,목동면,620,3074,630,3132
지승,奎15423,GK15423_00,공주목 (公州牧),GK15423_00IH0002_006a.jpg,반탄면,327,2830,341,2904
지승,奎15423,GK15423_00,공주목 (公州牧),GK15423_00IH0002_006a.jpg,반탄진,197,3348,207,3447
지승,奎15423,GK15423_00,공주목 (公州牧),GK15423_00IH0002_006a.jpg,보문사,1732,3678,1808,3689
지승,奎15423,GK15423_00,공주목 (公州牧),GK15423_00IH0002_006a.jpg,본주,976,2368,986,2397
지승,奎15423,GK15423_00,공주목 (公州牧),GK15423_00IH0002_006a.jpg,봉황산,556,2280,566,2352
지승,奎15423,GK15423_00,공주목 (公州牧),GK15423_00IH0002_006a.jpg,부유산,2028,2141,2107,2151
지승,奎15423,GK15423_00,공주목 (公州牧),GK15423_00IH0002_006a.jpg,북창,1764,1476,1802,1486
지승,奎15423,GK15423_00,공주목 (公州牧),GK15423_00IH0002_006a.jpg,분포면,1755,2854,1765,2913
지승,奎15423,GK15423_00,공주목 (公州牧),GK15423_00IH0002_006a.jpg,분포창,203,3050,270,3060
지승,奎15423,GK15423_00,공주목 (公州牧),GK15423_00IH0002_006a.jpg,사곡면,1027,1208,1037,1260
지승,奎15423,GK15423_00,공주목 (公州牧),GK15423_00IH0002_006a.jpg,산내면,1904,3701,1919,3764
지승,奎15423,GK15423_00,공주목 (公州牧),GK15423_00IH0002_006a.jpg,삼기면,2269,2329,2279,2393
지승,奎15423,GK15423_00,공주목 (公州牧),GK15423_00IH0002_006a.jpg,서창,354,1604,383,1614
지승,奎15423,GK15423_00,공주목 (公州牧),GK15423_00IH0002_006a.jpg,선화당,790,2338,800,2377
지승,奎15423,GK15423_00,공주목 (公州牧),GK15423_00IH0002_006a.jpg,성두면,287,2313,297,2382
지승,奎15423,GK15423_00,공주목 (公州牧),GK15423_00IH0002_006a.jpg,소학도,1407,2511,1417,2565
지승,奎15423,GK15423_00,공주목 (公州牧),GK15423_00IH0002_006a.jpg,신상면,227,1327,240,1384
지승,奎15423,GK15423_00,공주목 (公州牧),GK15423_00IH0002_006a.jpg,신원사,715,3483,773,3493
지승,奎15423,GK15423_00,공주목 (公州牧),GK15423_00IH0002_006a.jpg,신하면,257,1781,267,1847
지승,奎15423,GK15423_00,공주목 (公州牧),GK15423_00IH0002_006a.jpg,쌍령산봉대,1794,972,1947,1089
지승,奎15423,GK15423_00,공주목 (公州牧),GK15423_00IH0002_006a.jpg,쌍수산성,917,1754,981,1765
지승,奎15423,GK15423_00,공주목 (公州牧),GK15423_00IH0002_006a.jpg,양야리면,2087,2412,2097,2517
지승,奎15423,GK15423_00,공주목 (公州牧),GK15423_00IH0002_006a.jpg,와탄진,1843,2353,1853,2432
지승,奎15423,GK15423_00,공주목 (公州牧),GK15423_00IH0002_006a.jpg,요당면,1665,2052,1675,2123
지승,奎15423,GK15423_00,공주목 (公州牧),GK15423_00IH0002_006a.jpg,우영,985,2042,1017,2052
지승,奎15423,GK15423_00,공주목 (公州牧),GK15423_00IH0002_006a.jpg,웅진,420,1948,437,1995
지승,奎15423,GK15423_00,공주목 (公州牧),GK15423_00IH0002_006a.jpg,웅진제소,619,1695,644,1755
지승,奎15423,GK15423_00,공주목 (公州牧),GK15423_00IH0002_006a.jpg,월성산봉대,1036,2514,1179,2617
지승,奎15423,GK15423_00,공주목 (公州牧),GK15423_00IH0002_006a.jpg,유구역,477,1517,487,1586
지승,奎15423,GK15423_00,공주목 (公州牧),GK15423_00IH0002_006a.jpg,유등면,1913,3541,1923,3601
지승,奎15423,GK15423_00,공주목 (公州牧),GK15423_00IH0002_006a.jpg,유창,1706,3119,1747,3129
지승,奎15423,GK15423_00,공주목 (公州牧),GK15423_00IH0002_006a.jpg,율리,1907,2999,1940,3010
지승,奎15423,GK15423_00,공주목 (公州牧),GK15423_00IH0002_006a.jpg,의랑면,2023,1738,2037,1804
지승,奎15423,GK15423_00,공주목 (公州牧),GK15423_00IH0002_006a.jpg,이인역,251,3276,322,3286
지승,奎15423,GK15423_00,공주목 (公州牧),GK15423_00IH0002_006a.jpg,익구곡면,1621,2723,1631,2805
지승,奎15423,GK15423_00,공주목 (公州牧),GK15423_00IH0002_006a.jpg,일신역,1501,1899,1511,1986
지승,奎15423,GK15423_00,공주목 (公州牧),GK15423_00IH0002_006a.jpg,장대,997,1658,1007,1674
지승,奎15423,GK15423_00,공주목 (公州牧),GK15423_00IH0002_006a.jpg,장척동면,1814,2165,1824,2260
지승,奎15423,GK15423_00,공주목 (公州牧),GK15423_00IH0002_006a.jpg,정안면,1460,1412,1470,1478
지승,奎15423,GK15423_00,공주목 (公州牧),GK15423_00IH0002_006a.jpg,주정면,661,1465,671,1534
지승,奎15423,GK15423_00,공주목 (公州牧),GK15423_00IH0002_006a.jpg,진두면,858,3670,868,3759
지승,奎15423,GK15423_00,공주목 (公州牧),GK15423_00IH0002_006a.jpg,차령,2122,1438,2132,1480
지승,奎15423,GK15423_00,공주목 (公州牧),GK15423_00IH0002_006a.jpg,창,931,1635,941,1645
지승,奎15423,GK15423_00,공주목 (公州牧),GK15423_00IH0002_006a.jpg,창강서원,445,3736,487,3775
지승,奎15423,GK15423_00,공주목 (公州牧),GK15423_00IH0002_006a.jpg,청림사,662,3711,731,3721
지승,奎15423,GK15423_00,공주목 (公州牧),GK15423_00IH0002_006a.jpg,충현서원,1317,2922,1391,2932
지승,奎15423,GK15423_00,공주목 (公州牧),GK15423_00IH0002_006a.jpg,태봉,700,2890,739,2900
지승,奎15423,GK15423_00,공주목 (公州牧),GK15423_00IH0002_006a.jpg,포정문,917,2326,927,2389
지승,奎15423,GK15423_00,공주목 (公州牧),GK15423_00IH0002_006a.jpg,피향정,966,2243,976,2294
지승,奎15423,GK15423_00,공주목 (公州牧),GK15423_00IH0002_006a.jpg,향교,682,1954,730,1964
지승,奎15423,GK15423_00,공주목 (公州牧),GK15423_00IH0002_006a.jpg,향지사,449,3448,515,3461
지승,奎15423,GK15423_00,공주목 (公州牧),GK15423_00IH0002_006a.jpg,현내면,1860,3075,1870,3130
지승,奎15423,GK15423_00,공주목 (公州牧),GK15423_00IH0002_006a.jpg,황정역,1332,1530,1342,1592
지승,奎15423,GK15423_00,금산군 (錦山郡),GK15423_00IH0004_021a.jpg,객사,1036,2904,1178,2973
지승,奎15423,GK15423_00,금산군 (錦山郡),GK15423_00IH0004_021a.jpg,고제봉,1020,1858,1082,2103
지승,奎15423,GK15423_00,금산군 (錦山郡),GK15423_00IH0004_021a.jpg,군북면,1380,1802,1480,1991
지승,奎15423,GK15423_00,금산군 (錦山郡),GK15423_00IH0004_021a.jpg,군이면,1447,2716,1511,2876
지승,奎15423,GK15423_00,금산군 (錦山郡),GK15423_00IH0004_021a.jpg,군일면,787,2562,853,2696
지승,奎15423,GK15423_00,금산군 (錦山郡),GK15423_00IH0004_021a.jpg,금산군,2366,903,2463,1306
지승,奎15423,GK15423_00,금산군 (錦山郡),GK15423_00IH0004_021a.jpg,남이면,1073,3013,1144,3178
지승,奎15423,GK15423_00,금산군 (錦山郡),GK15423_00IH0004_021a.jpg,남일면,1424,2933,1509,3082
지승,奎15423,GK15423_00,금산군 (錦山郡),GK15423_00IH0004_021a.jpg,백자치,251,3264,398,3387
지승,奎15423,GK15423_00,금산군 (錦山郡),GK15423_00IH0004_021a.jpg,보석사,1240,3067,1404,3169
지승,奎15423,GK15423_00,금산군 (錦山郡),GK15423_00IH0004_021a.jpg,부남면,1549,3027,1640,3238
지승,奎15423,GK15423_00,금산군 (錦山郡),GK15423_00IH0004_021a.jpg,부동면,1962,2724,2042,2871
지승,奎15423,GK15423_00,금산군 (錦山郡),GK15423_00IH0004_021a.jpg,부북면,1804,1360,1880,1538
지승,奎15423,GK15423_00,금산군 (錦山郡),GK15423_00IH0004_021a.jpg,부서면,1931,2182,2011,2344
지승,奎15423,GK15423_00,금산군 (錦山郡),GK15423_00IH0004_021a.jpg,서대산,1624,1011,1793,1116
지승,奎15423,GK15423_00,금산군 (錦山郡),GK15423_00IH0004_021a.jpg,서이면,1358,1458,1447,1629
지승,奎15423,GK15423_00,금산군 (錦山郡),GK15423_00IH0004_021a.jpg,서일면,398,1676,478,1816
지승,奎15423,GK15423_00,금산군 (錦山郡),GK15423_00IH0004_021a.jpg,성곡서원,564,2744,751,2847
지승,奎15423,GK15423_00,금산군 (錦山郡),GK15423_00IH0004_021a.jpg,송치,1536,3307,1680,3458
지승,奎15423,GK15423_00,금산군 (錦山郡),GK15423_00IH0004_021a.jpg,순절비,949,1858,1009,2044
지승,奎15423,GK15423_00,금산군 (錦山郡),GK15423_00IH0004_021a.jpg,신치,1264,1109,1407,1207
지승,奎15423,GK15423_00,금산군 (錦山郡),GK15423_00IH0004_021a.jpg,아,1104,2493,1200,2598
지승,奎15423,GK15423_00,금산군 (錦山郡),GK15423_00IH0004_021a.jpg,월봉산,323,2787,443,2863
지승,奎15423,GK15423_00,금산군 (錦山郡),GK15423_00IH0004_021a.jpg,의총,1189,1684,1244,1811
지승,奎15423,GK15423_00,금산군 (錦山郡),GK15423_00IH0004_021a.jpg,제원역,1789,1596,1880,1789
지승,奎15423,GK15423_00,금산군 (錦山郡),GK15423_00IH0004_021a.jpg,종용당,1044,1753,1178,1820
지승,奎15423,GK15423_00,금산군 (錦山郡),GK15423_00IH0004_021a.jpg,창,896,2642,962,2713
지승,奎15423,GK15423_00,금산군 (錦山郡),GK15423_00IH0004_021a.jpg,하동원,1782,2758,1949,2860
지승,奎15423,GK15423_00,금산군 (錦山郡),GK15423_00IH0004_021a.jpg,향교,1120,2229,1271,2300
지승,奎15423,GK15423_00,니성현 (尼城縣),GK15423_00IH0002_037a.jpg,객사,1320,2562,1376,2580
지승,奎15423,GK15423_00,니성현 (尼城縣),GK15423_00IH0002_037a.jpg,계룡산,2040,1716,2127,1735
지승,奎15423,GK15423_00,니성현 (尼城縣),GK15423_00IH0002_037a.jpg,고성,1416,1742,1460,1760
지승,奎15423,GK15423_00,니성현 (尼城縣),GK15423_00IH0002_037a.jpg,공자영당,1605,2249,1720,2267
지승,奎15423,GK15423_00,니성현 (尼城縣),GK15423_00IH0002_037a.jpg,광석면,700,3365,718,3449
지승,奎15423,GK15423_00,니성현 (尼城縣),GK15423_00IH0002_037a.jpg,노강서원,836,2871,898,2922
지승,奎15423,GK15423_00,니성현 (尼城縣),GK15423_00IH0002_037a.jpg,노성산,1291,1536,1309,1595
지승,奎15423,GK15423_00,니성현 (尼城縣),GK15423_00IH0002_037a.jpg,동헌,1065,2453,1113,2485
지승,奎15423,GK15423_00,니성현 (尼城縣),GK15423_00IH0002_037a.jpg,두사면,1573,3004,1675,3022
지승,奎15423,GK15423_00,니성현 (尼城縣),GK15423_00IH0002_037a.jpg,득윤면,540,2855,558,2935
지승,奎15423,GK15423_00,니성현 (尼城縣),GK15423_00IH0002_037a.jpg,봉대,1209,1702,1253,1720
지승,奎15423,GK15423_00,니성현 (尼城縣),GK15423_00IH0002_037a.jpg,비봉산,825,2376,844,2465
지승,奎15423,GK15423_00,니성현 (尼城縣),GK15423_00IH0002_037a.jpg,상도면,2002,2613,2020,2720
지승,奎15423,GK15423_00,니성현 (尼城縣),GK15423_00IH0002_037a.jpg,석교,1938,2756,1956,2798
지승,奎15423,GK15423_00,니성현 (尼城縣),GK15423_00IH0002_037a.jpg,소사면,304,2365,322,2442
지승,奎15423,GK15423_00,니성현 (尼城縣),GK15423_00IH0002_037a.jpg,아사,1189,2275,1233,2293
지승,奎15423,GK15423_00,니성현 (尼城縣),GK15423_00IH0002_037a.jpg,오산,436,3335,484,3353
지승,奎15423,GK15423_00,니성현 (尼城縣),GK15423_00IH0002_037a.jpg,우교,544,2051,562,2098
지승,奎15423,GK15423_00,니성현 (尼城縣),GK15423_00IH0002_037a.jpg,월오동면,1716,2353,1735,2458
지승,奎15423,GK15423_00,니성현 (尼城縣),GK15423_00IH0002_037a.jpg,읍내면,1422,2691,1440,2762
지승,奎15423,GK15423_00,니성현 (尼城縣),GK15423_00IH0002_037a.jpg,장구동면,960,2835,978,2938
지승,奎15423,GK15423_00,니성현 (尼城縣),GK15423_00IH0002_037a.jpg,죽산,769,3204,815,3222
지승,奎15423,GK15423_00,니성현 (尼城縣),GK15423_00IH0002_037a.jpg,창,1320,2416,1338,2440
지승,奎15423,GK15423_00,니성현 (尼城縣),GK15423_00IH0002_037a.jpg,천동면,1393,3135,1496,3153
지승,奎15423,GK15423_00,니성현 (尼城縣),GK15423_00IH0002_037a.jpg,초포교,1045,3513,1064,3569
지승,奎15423,GK15423_00,니성현 (尼城縣),GK15423_00IH0002_037a.jpg,판치령,1805,1238,1824,1316
지승,奎15423,GK15423_00,니성현 (尼城縣),GK15423_00IH0002_037a.jpg,평지요해,1878,1780,1896,1904
지승,奎15423,GK15423_00,니성현 (尼城縣),GK15423_00IH0002_037a.jpg,하도면,2045,2996,2069,3071
지승,奎15423,GK15423_00,니성현 (尼城縣),GK15423_00IH0002_037a.jpg,해창,298,3571,347,3589
지승,奎15423,GK15423_00,니성현 (尼城縣),GK15423_00IH0002_037a.jpg,향교,1476,2311,1525,2329
지승,奎15423,GK15423_00,니성현 (尼城縣),GK15423_00IH0002_037a.jpg,화곡면,1031,1518,1049,1598
지승,奎15423,GK15423_00,문의현 (文義縣),GK15423_00IH0002_021a.jpg,강정,271,1960,325,1978
지승,奎15423,GK15423_00,문의현 (文義縣),GK15423_00IH0002_021a.jpg,객사,1565,2787,1596,2805
지승,奎15423,GK15423_00,문의현 (文義縣),GK15423_00IH0002_021a.jpg,검담서원,660,1415,740,1433
지승,奎15423,GK15423_00,문의현 (文義縣),GK15423_00IH0002_021a.jpg,남면,822,3287,840,3325
지승,奎15423,GK15423_00,문의현 (文義縣),GK15423_00IH0002_021a.jpg,노봉서원,689,2645,776,2664
지승,奎15423,GK15423_00,문의현 (文義縣),GK15423_00IH0002_021a.jpg,대간봉,2180,3205,2258,3224
지승,奎15423,GK15423_00,문의현 (文義縣),GK15423_00IH0002_021a.jpg,대담,209,3345,227,3393
지승,奎15423,GK15423_00,문의현 (文義縣),GK15423_00IH0002_021a.jpg,대명산,1962,1764,2033,1782
지승,奎15423,GK15423_00,문의현 (文義縣),GK15423_00IH0002_021a.jpg,대용혈,1600,3569,1673,3587
지승,奎15423,GK15423_00,문의현 (文義縣),GK15423_00IH0002_021a.jpg,덕유역,711,2782,729,2878
지승,奎15423,GK15423_00,문의현 (文義縣),GK15423_00IH0002_021a.jpg,동면,1871,3307,1889,3351
지승,奎15423,GK15423_00,문의현 (文義縣),GK15423_00IH0002_021a.jpg,매포,291,1642,309,1673
지승,奎15423,GK15423_00,문의현 (文義縣),GK15423_00IH0002_021a.jpg,묘암동,1340,3662,1404,3680
지승,奎15423,GK15423_00,문의현 (文義縣),GK15423_00IH0002_021a.jpg,백천,1540,1129,1576,1147
지승,奎15423,GK15423_00,문의현 (文義縣),GK15423_00IH0002_021a.jpg,봉대,1938,3045,1956,3080
지승,奎15423,GK15423_00,문의현 (文義縣),GK15423_00IH0002_021a.jpg,부용강,616,1155,700,1173
지승,奎15423,GK15423_00,문의현 (文義縣),GK15423_00IH0002_021a.jpg,북면,2151,2045,2169,2089
지승,奎15423,GK15423_00,문의현 (文義縣),GK15423_00IH0002_021a.jpg,삼도면,1193,1589,1211,1671
지승,奎15423,GK15423_00,문의현 (文義縣),GK15423_00IH0002_021a.jpg,성현,565,3344,604,3362
지승,奎15423,GK15423_00,문의현 (文義縣),GK15423_00IH0002_021a.jpg,시열치,1713,3725,1796,3744
지승,奎15423,GK15423_00,문의현 (文義縣),GK15423_00IH0002_021a.jpg,신탄진,420,2558,438,2625
지승,奎15423,GK15423_00,문의현 (文義縣),GK15423_00IH0002_021a.jpg,아사,1316,2818,1335,2855
지승,奎15423,GK15423_00,문의현 (文義縣),GK15423_00IH0002_021a.jpg,양성산,1424,2422,1442,2455
지승,奎15423,GK15423_00,문의현 (文義縣),GK15423_00IH0002_021a.jpg,연자담,296,3578,356,3602
지승,奎15423,GK15423_00,문의현 (文義縣),GK15423_00IH0002_021a.jpg,왕묘동,864,3753,896,3787
지승,奎15423,GK15423_00,문의현 (文義縣),GK15423_00IH0002_021a.jpg,월굴봉,869,3144,915,3162
지승,奎15423,GK15423_00,문의현 (文義縣),GK15423_00IH0002_021a.jpg,월리사,844,3627,885,3645
지승,奎15423,GK15423_00,문의현 (文義縣),GK15423_00IH0002_021a.jpg,율현,1925,2798,1956,2816
지승,奎15423,GK15423_00,문의현 (文義縣),GK15423_00IH0002_021a.jpg,읍내면,1569,2969,1587,3051
지승,奎15423,GK15423_00,문의현 (文義縣),GK15423_00IH0002_021a.jpg,이도면,478,1631,496,1687
지승,奎15423,GK15423_00,문의현 (文義縣),GK15423_00IH0002_021a.jpg,일도면,700,2395,718,2475
지승,奎15423,GK15423_00,문의현 (文義縣),GK15423_00IH0002_021a.jpg,저자산,2155,2338,2231,2356
지승,奎15423,GK15423_00,문의현 (文義縣),GK15423_00IH0002_021a.jpg,제,2175,2680,2193,2698
지승,奎15423,GK15423_00,문의현 (文義縣),GK15423_00IH0002_021a.jpg,제,2229,2485,2247,2504
지승,奎15423,GK15423_00,문의현 (文義縣),GK15423_00IH0002_021a.jpg,증산,1016,1798,1064,1816
지승,奎15423,GK15423_00,문의현 (文義縣),GK15423_00IH0002_021a.jpg,지세심수,1109,3676,1135,3744
지승,奎15423,GK15423_00,문의현 (文義縣),GK15423_00IH0002_021a.jpg,창,1158,2915,1176,2936
지승,奎15423,GK15423_00,문의현 (文義縣),GK15423_00IH0002_021a.jpg,태봉,1400,3442,1442,3460
지승,奎15423,GK15423_00,문의현 (文義縣),GK15423_00IH0002_021a.jpg,향교,1244,2580,1262,2615
지승,奎15423,GK15423_00,문의현 (文義縣),GK15423_00IH0002_021a.jpg,현사,513,2795,531,2829
지승,奎15423,GK15423_00,문의현 (文義縣),GK15423_00IH0002_021a.jpg,화계,596,3676,615,3711
지승,奎15423,GK15423_00,연기현 (燕岐縣),GK15423_00IH0002_051a.jpg,객사,1264,2260,1284,2312
지승,奎15423,GK15423_00,연기현 (燕岐縣),GK15423_00IH0002_051a.jpg,금사역,720,3126,740,3208
지승,奎15423,GK15423_00,연기현 (燕岐縣),GK15423_00IH0002_051a.jpg,남면,634,2768,654,2836
지승,奎15423,GK15423_00,연기현 (燕岐縣),GK15423_00IH0002_051a.jpg,동이면,2218,2558,2238,2640
지승,奎15423,GK15423_00,연기현 (燕岐縣),GK15423_00IH0002_051a.jpg,동일면,2240,3084,2260,3172
지승,奎15423,GK15423_00,연기현 (燕岐縣),GK15423_00IH0002_051a.jpg,동진,1588,2512,1628,2532
지승,奎15423,GK15423_00,연기현 (燕岐縣),GK15423_00IH0002_051a.jpg,둔덕산,738,2076,778,2172
지승,奎15423,GK15423_00,연기현 (燕岐縣),GK15423_00IH0002_051a.jpg,박대산,1650,2106,1672,2194
지승,奎15423,GK15423_00,연기현 (燕岐縣),GK15423_00IH0002_051a.jpg,백천,2396,3592,2416,3646
지승,奎15423,GK15423_00,연기현 (燕岐縣),GK15423_00IH0002_051a.jpg,봉암,1650,2322,1696,2342
지승,奎15423,GK15423_00,연기현 (燕岐縣),GK15423_00IH0002_051a.jpg,부동,2126,3356,2186,3376
지승,奎15423,GK15423_00,연기현 (燕岐縣),GK15423_00IH0002_051a.jpg,부암,1458,3042,1504,3062
지승,奎15423,GK15423_00,연기현 (燕岐縣),GK15423_00IH0002_051a.jpg,북삼면,812,1436,832,1526
지승,奎15423,GK15423_00,연기현 (燕岐縣),GK15423_00IH0002_051a.jpg,북이면,1544,1806,1564,1898
지승,奎15423,GK15423_00,연기현 (燕岐縣),GK15423_00IH0002_051a.jpg,북일면,1990,1778,2010,1866
지승,奎15423,GK15423_00,연기현 (燕岐縣),GK15423_00IH0002_051a.jpg,삼기,500,3498,520,3540
지승,奎15423,GK15423_00,연기현 (燕岐縣),GK15423_00IH0002_051a.jpg,석현,424,1674,444,1716
지승,奎15423,GK15423_00,연기현 (燕岐縣),GK15423_00IH0002_051a.jpg,소학동,380,2588,400,2692
지승,奎15423,GK15423_00,연기현 (燕岐縣),GK15423_00IH0002_051a.jpg,송치,528,1226,548,1266
지승,奎15423,GK15423_00,연기현 (燕岐縣),GK15423_00IH0002_051a.jpg,아사,1118,2028,1176,2048
지승,奎15423,GK15423_00,연기현 (燕岐縣),GK15423_00IH0002_051a.jpg,양인동,2308,2554,2328,2626
지승,奎15423,GK15423_00,연기현 (燕岐縣),GK15423_00IH0002_051a.jpg,용수산,1078,3160,1098,3252
지승,奎15423,GK15423_00,연기현 (燕岐縣),GK15423_00IH0002_051a.jpg,원수산,922,3356,948,3432
지승,奎15423,GK15423_00,연기현 (燕岐縣),GK15423_00IH0002_051a.jpg,읍내면,1290,2488,1310,2572
지승,奎15423,GK15423_00,연기현 (燕岐縣),GK15423_00IH0002_051a.jpg,장산,2274,2348,2316,2368
지승,奎15423,GK15423_00,연기현 (燕岐縣),GK15423_00IH0002_051a.jpg,전당,1952,2308,1972,2368
지승,奎15423,GK15423_00,연기현 (燕岐縣),GK15423_00IH0002_051a.jpg,전월봉,970,3508,1066,3528
지승,奎15423,GK15423_00,연기현 (燕岐縣),GK15423_00IH0002_051a.jpg,점석산,1980,2138,2024,2158
지승,奎15423,GK15423_00,연기현 (燕岐縣),GK15423_00IH0002_051a.jpg,창,1158,2516,1178,2542
지승,奎15423,GK15423_00,연기현 (燕岐縣),GK15423_00IH0002_051a.jpg,태천,740,1844,760,1888
지승,奎15423,GK15423_00,연기현 (燕岐縣),GK15423_00IH0002_051a.jpg,합강,1394,3232,1440,3258
지승,奎15423,GK15423_00,연산현 (連山縣),GK15423_00IH0002_036a.jpg,개태치,1700,2710,1720,2784
지승,奎15423,GK15423_00,연산현 (連山縣),GK15423_00IH0002_036a.jpg,객사,956,2794,976,2850
지승,奎15423,GK15423_00,연산현 (連山縣),GK15423_00IH0002_036a.jpg,계룡산,1906,1142,2002,1162
지승,奎15423,GK15423_00,연산현 (連山縣),GK15423_00IH0002_036a.jpg,구산서원,711,1578,848,1594
지승,奎15423,GK15423_00,연산현 (連山縣),GK15423_00IH0002_036a.jpg,당돌치,1134,3782,1178,3824
지승,奎15423,GK15423_00,연산현 (連山縣),GK15423_00IH0002_036a.jpg,대곡면,1872,3200,1892,3306
지승,奎15423,GK15423_00,연산현 (連山縣),GK15423_00IH0002_036a.jpg,두마면,2042,2326,2062,2412
지승,奎15423,GK15423_00,연산현 (連山縣),GK15423_00IH0002_036a.jpg,모촌면,850,3270,870,3364
지승,奎15423,GK15423_00,연산현 (連山縣),GK15423_00IH0002_036a.jpg,백석면,843,1822,858,1906
지승,奎15423,GK15423_00,연산현 (連山縣),GK15423_00IH0002_036a.jpg,부인처면,357,1685,372,1808
지승,奎15423,GK15423_00,연산현 (連山縣),GK15423_00IH0002_036a.jpg,서원,432,2854,452,2900
지승,奎15423,GK15423_00,연산현 (連山縣),GK15423_00IH0002_036a.jpg,서원,642,1969,677,1985
지승,奎15423,GK15423_00,연산현 (連山縣),GK15423_00IH0002_036a.jpg,수락암,492,2504,512,2584
지승,奎15423,GK15423_00,연산현 (連山縣),GK15423_00IH0002_036a.jpg,식한면,1574,1794,1594,1872
지승,奎15423,GK15423_00,연산현 (連山縣),GK15423_00IH0002_036a.jpg,신대,1850,1426,1898,1446
지승,奎15423,GK15423_00,연산현 (連山縣),GK15423_00IH0002_036a.jpg,아사,964,2946,986,2996
지승,奎15423,GK15423_00,연산현 (連山縣),GK15423_00IH0002_036a.jpg,양정치,1858,2016,1878,2094
지승,奎15423,GK15423_00,연산현 (連山縣),GK15423_00IH0002_036a.jpg,외성면,452,1923,468,2009
지승,奎15423,GK15423_00,연산현 (連山縣),GK15423_00IH0002_036a.jpg,적사곡면,320,2688,340,2802
지승,奎15423,GK15423_00,연산현 (連山縣),GK15423_00IH0002_036a.jpg,창,936,2570,964,2602
지승,奎15423,GK15423_00,연산현 (連山縣),GK15423_00IH0002_036a.jpg,평천역,432,2170,456,2270
지승,奎15423,GK15423_00,연산현 (連山縣),GK15423_00IH0002_036a.jpg,한삼천,1696,3190,1716,3276
지승,奎15423,GK15423_00,연산현 (連山縣),GK15423_00IH0002_036a.jpg,해창,309,1509,349,1525
지승,奎15423,GK15423_00,연산현 (連山縣),GK15423_00IH0002_036a.jpg,향교,1094,2218,1148,2238
지승,奎15423,GK15423_00,연산현 (連山縣),GK15423_00IH0002_036a.jpg,현내면,864,2930,884,3028
지승,奎15423,GK15423_00,연산현 (連山縣),GK15423_00IH0002_036a.jpg,황산령,1546,3266,1566,3340
지승,奎15423,GK15423_00,옥천군 (沃川郡),GK15423_00IH0002_019a.jpg,가화역,720,2351,740,2424
지승,奎15423,GK15423_00,옥천군 (沃川郡),GK15423_00IH0002_019a.jpg,객사,913,1955,960,1973
지승,奎15423,GK15423_00,옥천군 (沃川郡),GK15423_00IH0002_019a.jpg,구둔치,1376,2491,1442,2509
지승,奎15423,GK15423_00,옥천군 (沃川郡),GK15423_00IH0002_019a.jpg,군남면,884,2358,902,2460
지승,奎15423,GK15423_00,옥천군 (沃川郡),GK15423_00IH0002_019a.jpg,군동면,1938,1951,1956,2009
지승,奎15423,GK15423_00,옥천군 (沃川郡),GK15423_00IH0002_019a.jpg,군북면,600,1409,618,1467
지승,奎15423,GK15423_00,옥천군 (沃川郡),GK15423_00IH0002_019a.jpg,군서면,284,2149,302,2216
지승,奎15423,GK15423_00,옥천군 (沃川郡),GK15423_00IH0002_019a.jpg,마성산,793,1673,867,1691
지승,奎15423,GK15423_00,옥천군 (沃川郡),GK15423_00IH0002_019a.jpg,비봉산,729,3251,809,3273
지승,奎15423,GK15423_00,옥천군 (沃川郡),GK15423_00IH0002_019a.jpg,서대산,240,2415,324,2433
지승,奎15423,GK15423_00,옥천군 (沃川郡),GK15423_00IH0002_019a.jpg,순양역,684,3491,702,3598
지승,奎15423,GK15423_00,옥천군 (沃川郡),GK15423_00IH0002_019a.jpg,아사,720,1885,767,1904
지승,奎15423,GK15423_00,옥천군 (沃川郡),GK15423_00IH0002_019a.jpg,안남면,2200,2447,2225,2538
지승,奎15423,GK15423_00,옥천군 (沃川郡),GK15423_00IH0002_019a.jpg,안내면,2247,1555,2265,1631
지승,奎15423,GK15423_00,옥천군 (沃川郡),GK15423_00IH0002_019a.jpg,안읍창,1978,1673,2053,1691
지승,奎15423,GK15423_00,옥천군 (沃川郡),GK15423_00IH0002_019a.jpg,양남면,725,3367,796,3385
지승,奎15423,GK15423_00,옥천군 (沃川郡),GK15423_00IH0002_019a.jpg,양내면,1073,3513,1091,3569
지승,奎15423,GK15423_00,옥천군 (沃川郡),GK15423_00IH0002_019a.jpg,양산창,811,3593,871,3611
지승,奎15423,GK15423_00,옥천군 (沃川郡),GK15423_00IH0002_019a.jpg,월이산봉대,1156,2596,1242,2655
지승,奎15423,GK15423_00,옥천군 (沃川郡),GK15423_00IH0002_019a.jpg,읍내면,829,2082,847,2156
지승,奎15423,GK15423_00,옥천군 (沃川郡),GK15423_00IH0002_019a.jpg,이남면,927,2831,945,2884
지승,奎15423,GK15423_00,옥천군 (沃川郡),GK15423_00IH0002_019a.jpg,이내면,1700,3042,1718,3102
지승,奎15423,GK15423_00,옥천군 (沃川郡),GK15423_00IH0002_019a.jpg,이산창,1535,2913,1587,2931
지승,奎15423,GK15423_00,옥천군 (沃川郡),GK15423_00IH0002_019a.jpg,적등진,1913,3058,1931,3138
지승,奎15423,GK15423_00,옥천군 (沃川郡),GK15423_00IH0002_019a.jpg,증약역,278,1433,298,1516
지승,奎15423,GK15423_00,옥천군 (沃川郡),GK15423_00IH0002_019a.jpg,지륵산,416,2856,482,2875
지승,奎15423,GK15423_00,옥천군 (沃川郡),GK15423_00IH0002_019a.jpg,창,615,2015,633,2040
지승,奎15423,GK15423_00,옥천군 (沃川郡),GK15423_00IH0002_019a.jpg,토파역,1358,2647,1376,2740
지승,奎15423,GK15423_00,옥천군 (沃川郡),GK15423_00IH0002_019a.jpg,향교,1435,2167,1453,2207
지승,奎15423,GK15423_00,옥천군 (沃川郡),GK15423_00IH0002_019a.jpg,호탄진,1349,3038,1367,3104
지승,奎15423,GK15423_00,옥천군 (沃川郡),GK15423_00IH0002_019a.jpg,화인역,2113,1549,2140,1620
지승,奎15423,GK15423_00,옥천군 (沃川郡),GK15423_00IH0002_019a.jpg,화인진,1909,1751,1927,1793
지승,奎15423,GK15423_00,옥천군 (沃川郡),GK15423_00IH0002_019a.jpg,환산봉대,229,1225,364,1273
지승,奎15423,GK15423_00,옥천군 (沃川郡),GK15423_00IH0002_019a.jpg,환선루,1175,3305,1242,3324
지승,奎15423,GK15423_00,은진현 (恩津縣),GK15423_00IH0002_033a.jpg,가야곡면,1425,1725,1455,1847
지승,奎15423,GK15423_00,은진현 (恩津縣),GK15423_00IH0002_033a.jpg,갈마동면,1530,1943,1562,2073
지승,奎15423,GK15423_00,은진현 (恩津縣),GK15423_00IH0002_033a.jpg,갈마산,1855,1768,1947,1785
지승,奎15423,GK15423_00,은진현 (恩津縣),GK15423_00IH0002_033a.jpg,강경봉대,425,2817,520,2895
지승,奎15423,GK15423_00,은진현 (恩津縣),GK15423_00IH0002_033a.jpg,강창,432,3065,448,3117
지승,奎15423,GK15423_00,은진현 (恩津縣),GK15423_00IH0002_033a.jpg,객사,1093,2537,1153,2553
지승,奎15423,GK15423_00,은진현 (恩津縣),GK15423_00IH0002_033a.jpg,건지산,1350,1925,1367,1993
지승,奎15423,GK15423_00,은진현 (恩津縣),GK15423_00IH0002_033a.jpg,관촉암,1140,1830,1255,1890
지승,奎15423,GK15423_00,은진현 (恩津縣),GK15423_00IH0002_033a.jpg,구자곡면,1720,3455,1748,3577
지승,奎15423,GK15423_00,은진현 (恩津縣),GK15423_00IH0002_033a.jpg,금곡사우,1207,3265,1247,3313
지승,奎15423,GK15423_00,은진현 (恩津縣),GK15423_00IH0002_033a.jpg,금포면,568,2960,600,3053
지승,奎15423,GK15423_00,은진현 (恩津縣),GK15423_00IH0002_033a.jpg,남항교,1138,2968,1155,3092
지승,奎15423,GK15423_00,은진현 (恩津縣),GK15423_00IH0002_033a.jpg,논산교,552,1568,568,1633
지승,奎15423,GK15423_00,은진현 (恩津縣),GK15423_00IH0002_033a.jpg,대조곡면,1337,2477,1353,2602
지승,奎15423,GK15423_00,은진현 (恩津縣),GK15423_00IH0002_033a.jpg,도곡면,950,2998,977,3102
지승,奎15423,GK15423_00,은진현 (恩津縣),GK15423_00IH0002_033a.jpg,두상면,1898,2138,1915,2233
지승,奎15423,GK15423_00,은진현 (恩津縣),GK15423_00IH0002_033a.jpg,두하면,1785,2315,1802,2405
지승,奎15423,GK15423_00,은진현 (恩津縣),GK15423_00IH0002_033a.jpg,반야산,963,1695,1047,1712
지승,奎15423,GK15423_00,은진현 (恩津縣),GK15423_00IH0002_033a.jpg,백화산봉대,565,1735,675,1813
지승,奎15423,GK15423_00,은진현 (恩津縣),GK15423_00IH0002_033a.jpg,불명산,2255,2625,2272,2708
지승,奎15423,GK15423_00,은진현 (恩津縣),GK15423_00IH0002_033a.jpg,성본면,580,1923,610,2017
지승,奎15423,GK15423_00,은진현 (恩津縣),GK15423_00IH0002_033a.jpg,송산면,898,1993,915,2078
지승,奎15423,GK15423_00,은진현 (恩津縣),GK15423_00IH0002_033a.jpg,쌍계사,2143,2440,2220,2462
지승,奎15423,GK15423_00,은진현 (恩津縣),GK15423_00IH0002_033a.jpg,아사,928,2337,975,2353
지승,奎15423,GK15423_00,은진현 (恩津縣),GK15423_00IH0002_033a.jpg,원항교,658,2777,680,2857
지승,奎15423,GK15423_00,은진현 (恩津縣),GK15423_00IH0002_033a.jpg,정토산,1852,3105,1868,3203
지승,奎15423,GK15423_00,은진현 (恩津縣),GK15423_00IH0002_033a.jpg,제,475,1955,500,1972
지승,奎15423,GK15423_00,은진현 (恩津縣),GK15423_00IH0002_033a.jpg,제,483,2240,500,2258
지승,奎15423,GK15423_00,은진현 (恩津縣),GK15423_00IH0002_033a.jpg,제,523,2387,552,2403
지승,奎15423,GK15423_00,은진현 (恩津縣),GK15423_00IH0002_033a.jpg,제,583,3642,613,3667
지승,奎15423,GK15423_00,은진현 (恩津縣),GK15423_00IH0002_033a.jpg,제,672,2563,695,2588
지승,奎15423,GK15423_00,은진현 (恩津縣),GK15423_00IH0002_033a.jpg,제,677,1913,707,1930
지승,奎15423,GK15423_00,은진현 (恩津縣),GK15423_00IH0002_033a.jpg,제,800,1850,817,1870
지승,奎15423,GK15423_00,은진현 (恩津縣),GK15423_00IH0002_033a.jpg,제,835,3027,857,3047
지승,奎15423,GK15423_00,은진현 (恩津縣),GK15423_00IH0002_033a.jpg,제,873,3167,895,3192
지승,奎15423,GK15423_00,은진현 (恩津縣),GK15423_00IH0002_033a.jpg,제,1040,3218,1062,3235
지승,奎15423,GK15423_00,은진현 (恩津縣),GK15423_00IH0002_033a.jpg,제,1200,3492,1223,3508
지승,奎15423,GK15423_00,은진현 (恩津縣),GK15423_00IH0002_033a.jpg,제,1223,2602,1240,2632
지승,奎15423,GK15423_00,은진현 (恩津縣),GK15423_00IH0002_033a.jpg,제,1320,3030,1337,3048
지승,奎15423,GK15423_00,은진현 (恩津縣),GK15423_00IH0002_033a.jpg,제,1347,2678,1373,2697
지승,奎15423,GK15423_00,은진현 (恩津縣),GK15423_00IH0002_033a.jpg,제,1493,2425,1518,2442
지승,奎15423,GK15423_00,은진현 (恩津縣),GK15423_00IH0002_033a.jpg,제,1555,2603,1572,2625
지승,奎15423,GK15423_00,은진현 (恩津縣),GK15423_00IH0002_033a.jpg,죽본면,1615,2405,1632,2512
지승,奎15423,GK15423_00,은진현 (恩津縣),GK15423_00IH0002_033a.jpg,중화재사우,1800,1975,1838,1992
지승,奎15423,GK15423_00,은진현 (恩津縣),GK15423_00IH0002_033a.jpg,창,798,2460,815,2478
지승,奎15423,GK15423_00,은진현 (恩津縣),GK15423_00IH0002_033a.jpg,채운면,442,3567,475,3670
지승,奎15423,GK15423_00,은진현 (恩津縣),GK15423_00IH0002_033a.jpg,칭라교,1307,3667,1425,3683
지승,奎15423,GK15423_00,은진현 (恩津縣),GK15423_00IH0002_033a.jpg,향교,1198,2122,1243,2138
지승,奎15423,GK15423_00,은진현 (恩津縣),GK15423_00IH0002_033a.jpg,화산면,790,2752,807,2833
지승,奎15423,GK15423_00,은진현 (恩津縣),GK15423_00IH0002_033a.jpg,화지산면,848,1650,877,1762
지승,奎15423,GK15423_00,진산군 (珍山郡),GK15423_00IH0004_022a.jpg,객사,690,2758,742,2908
지승,奎15423,GK15423_00,진산군 (珍山郡),GK15423_00IH0004_022a.jpg,국치,2196,1138,2273,1280
지승,奎15423,GK15423_00,진산군 (珍山郡),GK15423_00IH0004_022a.jpg,남면,1231,2911,1300,3053
지승,奎15423,GK15423_00,진산군 (珍山郡),GK15423_00IH0004_022a.jpg,대둔산,207,2415,355,2495
지승,奎15423,GK15423_00,진산군 (珍山郡),GK15423_00IH0004_022a.jpg,대둔암,207,2613,370,2715
지승,奎15423,GK15423_00,진산군 (珍山郡),GK15423_00IH0004_022a.jpg,동이면,1855,1433,1940,1611
지승,奎15423,GK15423_00,진산군 (珍山郡),GK15423_00IH0004_022a.jpg,만인산,1040,940,1207,1042
지승,奎15423,GK15423_00,진산군 (珍山郡),GK15423_00IH0004_022a.jpg,미륵사,1096,1324,1275,1413
지승,奎15423,GK15423_00,진산군 (珍山郡),GK15423_00IH0004_022a.jpg,북면,1193,1536,1267,1638
지승,奎15423,GK15423_00,진산군 (珍山郡),GK15423_00IH0004_022a.jpg,서대사,1960,1422,2140,1515
지승,奎15423,GK15423_00,진산군 (珍山郡),GK15423_00IH0004_022a.jpg,서대산,2365,1291,2444,1491
지승,奎15423,GK15423_00,진산군 (珍山郡),GK15423_00IH0004_022a.jpg,서면,1058,1765,1137,1882
지승,奎15423,GK15423_00,진산군 (珍山郡),GK15423_00IH0004_022a.jpg,신치,1017,1473,1105,1620
지승,奎15423,GK15423_00,진산군 (珍山郡),GK15423_00IH0004_022a.jpg,아,710,2610,790,2682
지승,奎15423,GK15423_00,진산군 (珍山郡),GK15423_00IH0004_022a.jpg,압현,2104,1962,2211,2105
지승,奎15423,GK15423_00,진산군 (珍山郡),GK15423_00IH0004_022a.jpg,오대산,250,3147,320,3308
지승,奎15423,GK15423_00,진산군 (珍山郡),GK15423_00IH0004_022a.jpg,요월교,750,2820,880,2903
지승,奎15423,GK15423_00,진산군 (珍山郡),GK15423_00IH0004_022a.jpg,이치,139,3113,193,3257
지승,奎15423,GK15423_00,진산군 (珍山郡),GK15423_00IH0004_022a.jpg,진산군,2291,882,2440,1267
지승,奎15423,GK15423_00,진산군 (珍山郡),GK15423_00IH0004_022a.jpg,창,593,3020,675,3098
지승,奎15423,GK15423_00,진산군 (珍山郡),GK15423_00IH0004_022a.jpg,천비산,1620,1207,1780,1282
지승,奎15423,GK15423_00,진산군 (珍山郡),GK15423_00IH0004_022a.jpg,태조대왕태봉,1615,1611,1747,1775
지승,奎15423,GK15423_00,진잠현 (鎭岑縣),GK15423_00IH0002_035a.jpg,객사,1295,2391,1338,2406
지승,奎15423,GK15423_00,진잠현 (鎭岑縣),GK15423_00IH0002_035a.jpg,계룡산,2052,1002,2162,1017
지승,奎15423,GK15423_00,진잠현 (鎭岑縣),GK15423_00IH0002_035a.jpg,구봉산,734,2486,749,2578
지승,奎15423,GK15423_00,진잠현 (鎭岑縣),GK15423_00IH0002_035a.jpg,대천,872,3389,888,3425
지승,奎15423,GK15423_00,진잠현 (鎭岑縣),GK15423_00IH0002_035a.jpg,동면,1329,3068,1346,3128
지승,奎15423,GK15423_00,진잠현 (鎭岑縣),GK15423_00IH0002_035a.jpg,북면,2160,2809,2175,2854
지승,奎15423,GK15423_00,진잠현 (鎭岑縣),GK15423_00IH0002_035a.jpg,산장산,1882,1948,1900,2028
지승,奎15423,GK15423_00,진잠현 (鎭岑縣),GK15423_00IH0002_035a.jpg,상남면,429,2386,445,2483
지승,奎15423,GK15423_00,진잠현 (鎭岑縣),GK15423_00IH0002_035a.jpg,서면,1698,1758,1714,1798
지승,奎15423,GK15423_00,진잠현 (鎭岑縣),GK15423_00IH0002_035a.jpg,소요정,411,1646,512,1662
지승,奎15423,GK15423_00,진잠현 (鎭岑縣),GK15423_00IH0002_035a.jpg,아사,1237,2138,1280,2154
지승,奎15423,GK15423_00,진잠현 (鎭岑縣),GK15423_00IH0002_035a.jpg,약사봉,1017,1348,1106,1363
지승,奎15423,GK15423_00,진잠현 (鎭岑縣),GK15423_00IH0002_035a.jpg,연정,1048,1988,1106,2003
지승,奎15423,GK15423_00,진잠현 (鎭岑縣),GK15423_00IH0002_035a.jpg,옥산,872,2308,888,2335
지승,奎15423,GK15423_00,진잠현 (鎭岑縣),GK15423_00IH0002_035a.jpg,창,1065,2388,1080,2408
지승,奎15423,GK15423_00,진잠현 (鎭岑縣),GK15423_00IH0002_035a.jpg,하남면,455,1448,471,1537
지승,奎15423,GK15423_00,진잠현 (鎭岑縣),GK15423_00IH0002_035a.jpg,학운사,2137,1855,2220,1871
지승,奎15423,GK15423_00,진잠현 (鎭岑縣),GK15423_00IH0002_035a.jpg,향교,1698,2375,1765,2391
지승,奎15423,GK15423_00,청주목 (淸州牧),GK15423_00IH0002_005a.jpg,객사,1081,2177,1120,2187
지승,奎15423,GK15423_00,청주목 (淸州牧),GK15423_00IH0002_005a.jpg,거질대,1570,2335,1580,2372
지승,奎15423,GK15423_00,청주목 (淸州牧),GK15423_00IH0002_005a.jpg,거질대령,1379,2238,1389,2329
지승,奎15423,GK15423_00,청주목 (淸州牧),GK15423_00IH0002_005a.jpg,공림사,2241,2454,2251,2524
지승,奎15423,GK15423_00,청주목 (淸州牧),GK15423_00IH0002_005a.jpg,금성창,273,3449,331,3459
지승,奎15423,GK15423_00,청주목 (淸州牧),GK15423_00IH0002_005a.jpg,기암서원,467,2377,502,2406
지승,奎15423,GK15423_00,청주목 (淸州牧),GK15423_00IH0002_005a.jpg,남석교,1134,2641,1205,2651
지승,奎15423,GK15423_00,청주목 (淸州牧),GK15423_00IH0002_005a.jpg,남이면,1215,2967,1225,3021
지승,奎15423,GK15423_00,청주목 (淸州牧),GK15423_00IH0002_005a.jpg,남일면,1637,2889,1647,2947
지승,奎15423,GK15423_00,청주목 (淸州牧),GK15423_00IH0002_005a.jpg,남주내면,1326,2241,1337,2332
지승,奎15423,GK15423_00,청주목 (淸州牧),GK15423_00IH0002_005a.jpg,남차이면,885,3309,896,3383
지승,奎15423,GK15423_00,청주목 (淸州牧),GK15423_00IH0002_005a.jpg,덕평면,222,3173,232,3226
지승,奎15423,GK15423_00,청주목 (淸州牧),GK15423_00IH0002_005a.jpg,도명사,2224,1980,2234,2048
지승,奎15423,GK15423_00,청주목 (淸州牧),GK15423_00IH0002_005a.jpg,동림사,208,3639,290,3649
지승,奎15423,GK15423_00,청주목 (淸州牧),GK15423_00IH0002_005a.jpg,동진,858,3745,868,3768
지승,奎15423,GK15423_00,청주목 (淸州牧),GK15423_00IH0002_005a.jpg,두타산,558,1067,617,1077
지승,奎15423,GK15423_00,청주목 (淸州牧),GK15423_00IH0002_005a.jpg,무심천,759,1839,818,1849
지승,奎15423,GK15423_00,청주목 (淸州牧),GK15423_00IH0002_005a.jpg,백록서원,615,3659,651,3687
지승,奎15423,GK15423_00,청주목 (淸州牧),GK15423_00IH0002_005a.jpg,백아성,1654,1164,1664,1215
지승,奎15423,GK15423_00,청주목 (淸州牧),GK15423_00IH0002_005a.jpg,병영,1076,2338,1106,2348
지승,奎15423,GK15423_00,청주목 (淸州牧),GK15423_00IH0002_005a.jpg,보살사,1364,2729,1429,2739
지승,奎15423,GK15423_00,청주목 (淸州牧),GK15423_00IH0002_005a.jpg,보은치,2357,3426,2367,3488
지승,奎15423,GK15423_00,청주목 (淸州牧),GK15423_00IH0002_005a.jpg,본주,1210,2187,1239,2197
지승,奎15423,GK15423_00,청주목 (淸州牧),GK15423_00IH0002_005a.jpg,봉계서원,1744,2744,1768,2771
지승,奎15423,GK15423_00,청주목 (淸州牧),GK15423_00IH0002_005a.jpg,봉대,1466,2317,1476,2355
지승,奎15423,GK15423_00,청주목 (淸州牧),GK15423_00IH0002_005a.jpg,봉림수,733,2134,826,2144
지승,奎15423,GK15423_00,청주목 (淸州牧),GK15423_00IH0002_005a.jpg,북강내이면,702,1553,712,1636
지승,奎15423,GK15423_00,청주목 (淸州牧),GK15423_00IH0002_005a.jpg,북강내일면,780,1588,790,1666
지승,奎15423,GK15423_00,청주목 (淸州牧),GK15423_00IH0002_005a.jpg,북강외일면,530,2001,540,2136
지승,奎15423,GK15423_00,청주목 (淸州牧),GK15423_00IH0002_005a.jpg,북주내면,1081,1927,1103,1949
지승,奎15423,GK15423_00,청주목 (淸州牧),GK15423_00IH0002_005a.jpg,산내이면,1683,2179,1693,2265
지승,奎15423,GK15423_00,청주목 (淸州牧),GK15423_00IH0002_005a.jpg,산내일면,1397,1738,1407,1797
지승,奎15423,GK15423_00,청주목 (淸州牧),GK15423_00IH0002_005a.jpg,산외이면,804,1034,814,1095
지승,奎15423,GK15423_00,청주목 (淸州牧),GK15423_00IH0002_005a.jpg,산외일면,813,1258,823,1332
지승,奎15423,GK15423_00,청주목 (淸州牧),GK15423_00IH0002_005a.jpg,삼일치,2349,3619,2359,3668
지승,奎15423,GK15423_00,청주목 (淸州牧),GK15423_00IH0002_005a.jpg,상당산성,1357,1891,1367,1985
지승,奎15423,GK15423_00,청주목 (淸州牧),GK15423_00IH0002_005a.jpg,상산,181,1082,191,1105
지승,奎15423,GK15423_00,청주목 (淸州牧),GK15423_00IH0002_005a.jpg,서강내이면,948,3517,958,3615
지승,奎15423,GK15423_00,청주목 (淸州牧),GK15423_00IH0002_005a.jpg,서강내일면,645,2845,655,2937
지승,奎15423,GK15423_00,청주목 (淸州牧),GK15423_00IH0002_005a.jpg,서강외이면,435,3597,449,3679
지승,奎15423,GK15423_00,청주목 (淸州牧),GK15423_00IH0002_005a.jpg,서강외일면,391,3209,407,3312
지승,奎15423,GK15423_00,청주목 (淸州牧),GK15423_00IH0002_005a.jpg,서주내면,890,2253,907,2352
지승,奎15423,GK15423_00,청주목 (淸州牧),GK15423_00IH0002_005a.jpg,소구치,2368,3039,2378,3124
지승,奎15423,GK15423_00,청주목 (淸州牧),GK15423_00IH0002_005a.jpg,속리산,2364,2456,2374,2527
지승,奎15423,GK15423_00,청주목 (淸州牧),GK15423_00IH0002_005a.jpg,송계서원,655,2627,665,2707
지승,奎15423,GK15423_00,청주목 (淸州牧),GK15423_00IH0002_005a.jpg,송천서원,474,3320,573,3330
지승,奎15423,GK15423_00,청주목 (淸州牧),GK15423_00IH0002_005a.jpg,신수면,197,2334,207,2416
지승,奎15423,GK15423_00,청주목 (淸州牧),GK15423_00IH0002_005a.jpg,신원창,491,2612,504,2688
지승,奎15423,GK15423_00,청주목 (淸州牧),GK15423_00IH0002_005a.jpg,안심사,960,3220,1029,3230
지승,奎15423,GK15423_00,청주목 (淸州牧),GK15423_00IH0002_005a.jpg,야양산,644,2391,720,2401
지승,奎15423,GK15423_00,청주목 (淸州牧),GK15423_00IH0002_005a.jpg,오공창,422,2069,432,2144
지승,奎15423,GK15423_00,청주목 (淸州牧),GK15423_00IH0002_005a.jpg,율봉역,1000,1531,1068,1541
지승,奎15423,GK15423_00,청주목 (淸州牧),GK15423_00IH0002_005a.jpg,저산역,869,3591,906,3609
지승,奎15423,GK15423_00,청주목 (淸州牧),GK15423_00IH0002_005a.jpg,주안면,1634,3725,1700,3735
지승,奎15423,GK15423_00,청주목 (淸州牧),GK15423_00IH0002_005a.jpg,주안창,1450,3760,1518,3770
지승,奎15423,GK15423_00,청주목 (淸州牧),GK15423_00IH0002_005a.jpg,중영,1368,2464,1378,2499
지승,奎15423,GK15423_00,청주목 (淸州牧),GK15423_00IH0002_005a.jpg,창,1467,2036,1477,2048
지승,奎15423,GK15423_00,청주목 (淸州牧),GK15423_00IH0002_005a.jpg,청석교,1885,2603,1895,2670
지승,奎15423,GK15423_00,청주목 (淸州牧),GK15423_00IH0002_005a.jpg,청천면,1762,1458,1772,1519
지승,奎15423,GK15423_00,청주목 (淸州牧),GK15423_00IH0002_005a.jpg,청천창,1470,1371,1480,1430
지승,奎15423,GK15423_00,청주목 (淸州牧),GK15423_00IH0002_005a.jpg,향교,1331,2142,1362,2152
지승,奎15423,GK15423_00,청주목 (淸州牧),GK15423_00IH0002_005a.jpg,화양동서원,2035,1655,2087,1716
지승,奎15423,GK15423_00,청주목 (淸州牧),GK15423_00IH0002_005a.jpg,화항서원,1612,2562,1638,2592
지승,奎15423,GK15423_00,청주목 (淸州牧),GK15423_00IH0002_005a.jpg,확천서원,1512,1885,1595,1896
지승,奎15423,GK15423_00,청주목 (淸州牧),GK15423_00IH0002_005a.jpg,환장암,1880,1283,1947,1293
지승,奎15423,GK15423_00,회덕현 (懷德縣),GK15423_00IH0002_034a.jpg,갑천,1176,3329,1238,3347
지승,奎15423,GK15423_00,회덕현 (懷德縣),GK15423_00IH0002_034a.jpg,객사,985,2804,1044,2822
지승,奎15423,GK15423_00,회덕현 (懷德縣),GK15423_00IH0002_034a.jpg,계족봉대,955,1495,1078,1544
지승,奎15423,GK15423_00,회덕현 (懷德縣),GK15423_00IH0002_034a.jpg,계족산,1040,2000,1133,2018
지승,奎15423,GK15423_00,회덕현 (懷德縣),GK15423_00IH0002_034a.jpg,계치,2158,2811,2176,2853
지승,奎15423,GK15423_00,회덕현 (懷德縣),GK15423_00IH0002_034a.jpg,내남면,1544,2124,1562,2218
지승,奎15423,GK15423_00,회덕현 (懷德縣),GK15423_00IH0002_034a.jpg,동면,1531,1500,1549,1555
지승,奎15423,GK15423_00,회덕현 (懷德縣),GK15423_00IH0002_034a.jpg,동치,1309,1544,1329,1582
지승,奎15423,GK15423_00,회덕현 (懷德縣),GK15423_00IH0002_034a.jpg,미호서원,973,1340,1078,1358
지승,奎15423,GK15423_00,회덕현 (懷德縣),GK15423_00IH0002_034a.jpg,봉은암,956,2155,1040,2173
지승,奎15423,GK15423_00,회덕현 (懷德縣),GK15423_00IH0002_034a.jpg,북면,667,1444,685,1507
지승,奎15423,GK15423_00,회덕현 (懷德縣),GK15423_00IH0002_034a.jpg,사단,585,2353,604,2405
지승,奎15423,GK15423_00,회덕현 (懷德縣),GK15423_00IH0002_034a.jpg,삼정,1798,2020,1818,2060
지승,奎15423,GK15423_00,회덕현 (懷德縣),GK15423_00IH0002_034a.jpg,삼정동,1156,1245,1176,1336
지승,奎15423,GK15423_00,회덕현 (懷德縣),GK15423_00IH0002_034a.jpg,서림,1189,2851,1207,2898
지승,奎15423,GK15423_00,회덕현 (懷德縣),GK15423_00IH0002_034a.jpg,서원,276,3067,295,3129
지승,奎15423,GK15423_00,회덕현 (懷德縣),GK15423_00IH0002_034a.jpg,선암,700,2744,718,2787
지승,奎15423,GK15423_00,회덕현 (懷德縣),GK15423_00IH0002_034a.jpg,숭현서원,185,2969,285,2987
지승,奎15423,GK15423_00,회덕현 (懷德縣),GK15423_00IH0002_034a.jpg,식장산,1982,2136,2000,2229
지승,奎15423,GK15423_00,회덕현 (懷德縣),GK15423_00IH0002_034a.jpg,아사,949,2384,995,2402
지승,奎15423,GK15423_00,회덕현 (懷德縣),GK15423_00IH0002_034a.jpg,애송치,225,2045,280,2190
지승,奎15423,GK15423_00,회덕현 (懷德縣),GK15423_00IH0002_034a.jpg,양정,1480,2765,1498,2815
지승,奎15423,GK15423_00,회덕현 (懷德縣),GK15423_00IH0002_034a.jpg,외남면,1998,2562,2016,2658
지승,奎15423,GK15423_00,회덕현 (懷德縣),GK15423_00IH0002_034a.jpg,용호서원,835,1375,869,1425
지승,奎15423,GK15423_00,회덕현 (懷德縣),GK15423_00IH0002_034a.jpg,읍호정,1096,3173,1187,3191
지승,奎15423,GK15423_00,회덕현 (懷德縣),GK15423_00IH0002_034a.jpg,일도면,1285,1233,1305,1340
지승,奎15423,GK15423_00,회덕현 (懷德縣),GK15423_00IH0002_034a.jpg,전민역,233,2395,251,2505
지승,奎15423,GK15423_00,회덕현 (懷德縣),GK15423_00IH0002_034a.jpg,조산,816,2898,835,2951
지승,奎15423,GK15423_00,회덕현 (懷德縣),GK15423_00IH0002_034a.jpg,주산,1435,1693,1456,1731
지승,奎15423,GK15423_00,회덕현 (懷德縣),GK15423_00IH0002_034a.jpg,지,275,2671,304,2689
지승,奎15423,GK15423_00,회덕현 (懷德縣),GK15423_00IH0002_034a.jpg,지,1687,2271,1718,2293
지승,奎15423,GK15423_00,회덕현 (懷德縣),GK15423_00IH0002_034a.jpg,질치,1225,2071,1276,2095
지승,奎15423,GK15423_00,회덕현 (懷德縣),GK15423_00IH0002_034a.jpg,창,1202,2347,1220,2373
지승,奎15423,GK15423_00,회덕현 (懷德縣),GK15423_00IH0002_034a.jpg,청절서원,1638,1996,1702,2060
지승,奎15423,GK15423_00,회덕현 (懷德縣),GK15423_00IH0002_034a.jpg,평치령,2280,1565,2330,1725
지승,奎15423,GK15423_00,회덕현 (懷德縣),GK15423_00IH0002_034a.jpg,향교,713,2269,756,2287
지승,奎15423,GK15423_00,회덕현 (懷德縣),GK15423_00IH0002_034a.jpg,현내면,580,2700,598,2776
지승,奎15423,GK15423_00,회인현 (懷仁縣),GK15423_00IH0002_027a.jpg,가산,1718,3332,1740,3380
지승,奎15423,GK15423_00,회인현 (懷仁縣),GK15423_00IH0002_027a.jpg,객사,740,1858,778,1878
지승,奎15423,GK15423_00,회인현 (懷仁縣),GK15423_00IH0002_027a.jpg,남면,1446,3202,1466,3270
지승,奎15423,GK15423_00,회인현 (懷仁縣),GK15423_00IH0002_027a.jpg,노성산,1792,3082,1890,3102
지승,奎15423,GK15423_00,회인현 (懷仁縣),GK15423_00IH0002_027a.jpg,동면,1796,2516,1816,2594
지승,奎15423,GK15423_00,회인현 (懷仁縣),GK15423_00IH0002_027a.jpg,묵령,188,1790,208,1844
지승,奎15423,GK15423_00,회인현 (懷仁縣),GK15423_00IH0002_027a.jpg,북면,1356,1466,1376,1522
지승,奎15423,GK15423_00,회인현 (懷仁縣),GK15423_00IH0002_027a.jpg,사단,964,1606,996,1626
지승,奎15423,GK15423_00,회인현 (懷仁縣),GK15423_00IH0002_027a.jpg,서면,444,2770,464,2822
지승,奎15423,GK15423_00,회인현 (懷仁縣),GK15423_00IH0002_027a.jpg,아사,556,1972,590,1992
지승,奎15423,GK15423_00,회인현 (懷仁縣),GK15423_00IH0002_027a.jpg,여단,1182,1790,1206,1810
지승,奎15423,GK15423_00,회인현 (懷仁縣),GK15423_00IH0002_027a.jpg,옥녀봉,994,2458,1066,2478
지승,奎15423,GK15423_00,회인현 (懷仁縣),GK15423_00IH0002_027a.jpg,창,620,2212,640,2242
지승,奎15423,GK15423_00,회인현 (懷仁縣),GK15423_00IH0002_027a.jpg,풍암,548,3426,596,3446
지승,奎15423,GK15423_00,회인현 (懷仁縣),GK15423_00IH0002_027a.jpg,피반령,1078,1022,1120,1042
지승,奎15423,GK15423_00,회인현 (懷仁縣),GK15423_00IH0002_027a.jpg,향교,1580,2360,1626,2380
팔도군현지도,古4709-111,GR33535_00,공주,GM33535IL0002_002.jpg,각흘치,760,1212,805,1327
팔도군현지도,古4709-111,GR33535_00,공주,GM33535IL0002_002.jpg,갑사,1522,2663,1565,2741
팔도군현지도,古4709-111,GR33535_00,공주,GM33535IL0002_002.jpg,개수원,2095,2666,2146,2787
팔도군현지도,古4709-111,GR33535_00,공주,GM33535IL0002_002.jpg,개치,889,1287,939,1372
팔도군현지도,古4709-111,GR33535_00,공주,GM33535IL0002_002.jpg,건평,947,2935,993,3018
팔도군현지도,古4709-111,GR33535_00,공주,GM33535IL0002_002.jpg,경천역,1458,2816,1508,2928
팔도군현지도,古4709-111,GR33535_00,공주,GM33535IL0002_002.jpg,계룡산,1571,2461,1690,2515
팔도군현지도,古4709-111,GR33535_00,공주,GM33535IL0002_002.jpg,고등산봉,1263,1789,1314,1919
팔도군현지도,古4709-111,GR33535_00,공주,GM33535IL0002_002.jpg,고신풍,854,1907,904,2040
팔도군현지도,古4709-111,GR33535_00,공주,GM33535IL0002_002.jpg,곡화천면,1012,2829,1147,2877
팔도군현지도,古4709-111,GR33535_00,공주,GM33535IL0002_002.jpg,공암,1605,2343,1658,2421
팔도군현지도,古4709-111,GR33535_00,공주,GM33535IL0002_002.jpg,광정역,1254,1703,1361,1759
팔도군현지도,古4709-111,GR33535_00,공주,GM33535IL0002_002.jpg,구칙면,2061,2194,2107,2298
팔도군현지도,古4709-111,GR33535_00,공주,GM33535IL0002_002.jpg,국사봉,1408,2972,1518,3017
팔도군현지도,古4709-111,GR33535_00,공주,GM33535IL0002_002.jpg,궁원,1166,1742,1215,1818
팔도군현지도,古4709-111,GR33535_00,공주,GM33535IL0002_002.jpg,나리진,1804,2149,1851,2269
팔도군현지도,古4709-111,GR33535_00,공주,GM33535IL0002_002.jpg,남부면,1213,2412,1257,2511
팔도군현지도,古4709-111,GR33535_00,공주,GM33535IL0002_002.jpg,남창,1207,2689,1252,2761
팔도군현지도,古4709-111,GR33535_00,공주,GM33535IL0002_002.jpg,단평역,939,2091,992,2195
팔도군현지도,古4709-111,GR33535_00,공주,GM33535IL0002_002.jpg,덕진,2118,2247,2205,2297
팔도군현지도,古4709-111,GR33535_00,공주,GM33535IL0002_002.jpg,도산,2241,2805,2291,2883
팔도군현지도,古4709-111,GR33535_00,공주,GM33535IL0002_002.jpg,동부면,1409,2343,1457,2450
팔도군현지도,古4709-111,GR33535_00,공주,GM33535IL0002_002.jpg,동창,1847,2057,1893,2151
팔도군현지도,古4709-111,GR33535_00,공주,GM33535IL0002_002.jpg,동천,847,2152,900,2232
팔도군현지도,古4709-111,GR33535_00,공주,GM33535IL0002_002.jpg,동혈산,1366,1988,1414,2069
팔도군현지도,古4709-111,GR33535_00,공주,GM33535IL0002_002.jpg,마곡사,799,1526,849,1650
팔도군현지도,古4709-111,GR33535_00,공주,GM33535IL0002_002.jpg,만인산,2490,3142,2604,3192
팔도군현지도,古4709-111,GR33535_00,공주,GM33535IL0002_002.jpg,명탄면,1997,2187,2049,2314
팔도군현지도,古4709-111,GR33535_00,공주,GM33535IL0002_002.jpg,모로원,1157,2062,1206,2169
팔도군현지도,古4709-111,GR33535_00,공주,GM33535IL0002_002.jpg,목동면,1180,2538,1293,2578
팔도군현지도,古4709-111,GR33535_00,공주,GM33535IL0002_002.jpg,무성산,1036,1414,1093,1534
팔도군현지도,古4709-111,GR33535_00,공주,GM33535IL0002_002.jpg,무수동,2555,3023,2668,3070
팔도군현지도,古4709-111,GR33535_00,공주,GM33535IL0002_002.jpg,미화부전,2387,2953,2436,3113
팔도군현지도,古4709-111,GR33535_00,공주,GM33535IL0002_002.jpg,반탄,938,2550,990,2631
팔도군현지도,古4709-111,GR33535_00,공주,GM33535IL0002_002.jpg,반탄면,1089,2637,1134,2729
팔도군현지도,古4709-111,GR33535_00,공주,GM33535IL0002_002.jpg,반포면,1840,2332,1892,2428
팔도군현지도,古4709-111,GR33535_00,공주,GM33535IL0002_002.jpg,보문산,2194,2934,2248,3058
팔도군현지도,古4709-111,GR33535_00,공주,GM33535IL0002_002.jpg,북창,1251,1581,1291,1654
팔도군현지도,古4709-111,GR33535_00,공주,GM33535IL0002_002.jpg,사곡면,854,1760,903,1842
팔도군현지도,古4709-111,GR33535_00,공주,GM33535IL0002_002.jpg,산내면,2656,3093,2700,3185
팔도군현지도,古4709-111,GR33535_00,공주,GM33535IL0002_002.jpg,삼파면,1609,2045,1661,2162
팔도군현지도,古4709-111,GR33535_00,공주,GM33535IL0002_002.jpg,삽치,1772,2498,1824,2578
팔도군현지도,古4709-111,GR33535_00,공주,GM33535IL0002_002.jpg,서원,859,2718,930,2770
팔도군현지도,古4709-111,GR33535_00,공주,GM33535IL0002_002.jpg,서원,1600,2418,1669,2459
팔도군현지도,古4709-111,GR33535_00,공주,GM33535IL0002_002.jpg,서원,2189,2808,2237,2897
팔도군현지도,古4709-111,GR33535_00,공주,GM33535IL0002_002.jpg,성두면,770,2204,821,2318
팔도군현지도,古4709-111,GR33535_00,공주,GM33535IL0002_002.jpg,소전리,2702,3082,2749,3186
팔도군현지도,古4709-111,GR33535_00,공주,GM33535IL0002_002.jpg,송악,648,1214,739,1256
팔도군현지도,古4709-111,GR33535_00,공주,GM33535IL0002_002.jpg,송치,585,2292,680,2344
팔도군현지도,古4709-111,GR33535_00,공주,GM33535IL0002_002.jpg,신상면,698,1373,751,1473
팔도군현지도,古4709-111,GR33535_00,공주,GM33535IL0002_002.jpg,신하면,459,1801,514,1898
팔도군현지도,古4709-111,GR33535_00,공주,GM33535IL0002_002.jpg,쌍령봉,1111,1397,1166,1531
팔도군현지도,古4709-111,GR33535_00,공주,GM33535IL0002_002.jpg,쌍수산성,1316,2176,1356,2283
팔도군현지도,古4709-111,GR33535_00,공주,GM33535IL0002_002.jpg,양야리면,1905,2130,1957,2266
팔도군현지도,古4709-111,GR33535_00,공주,GM33535IL0002_002.jpg,요당면,1370,2097,1504,2145
팔도군현지도,古4709-111,GR33535_00,공주,GM33535IL0002_002.jpg,우정면,1056,2095,1101,2191
팔도군현지도,古4709-111,GR33535_00,공주,GM33535IL0002_002.jpg,웅진,1109,2257,1149,2337
팔도군현지도,古4709-111,GR33535_00,공주,GM33535IL0002_002.jpg,월성봉,1331,2290,1408,2333
팔도군현지도,古4709-111,GR33535_00,공주,GM33535IL0002_002.jpg,월신천,1235,1880,1271,1974
팔도군현지도,古4709-111,GR33535_00,공주,GM33535IL0002_002.jpg,유구역,731,1803,781,1928
팔도군현지도,古4709-111,GR33535_00,공주,GM33535IL0002_002.jpg,유등천면,2329,2784,2385,2946
팔도군현지도,古4709-111,GR33535_00,공주,GM33535IL0002_002.jpg,유성창,2032,2462,2086,2573
팔도군현지도,古4709-111,GR33535_00,공주,GM33535IL0002_002.jpg,의랑면,1364,1747,1410,1876
팔도군현지도,古4709-111,GR33535_00,공주,GM33535IL0002_002.jpg,이인,1035,2544,1113,2589
팔도군현지도,古4709-111,GR33535_00,공주,GM33535IL0002_002.jpg,익귀곡면,1671,2213,1723,2352
팔도군현지도,古4709-111,GR33535_00,공주,GM33535IL0002_002.jpg,일신역,1300,2058,1351,2166
팔도군현지도,古4709-111,GR33535_00,공주,GM33535IL0002_002.jpg,장척동면,1535,1928,1591,2064
팔도군현지도,古4709-111,GR33535_00,공주,GM33535IL0002_002.jpg,정안면,1102,1723,1150,1812
팔도군현지도,古4709-111,GR33535_00,공주,GM33535IL0002_002.jpg,정치,877,2791,982,2839
팔도군현지도,古4709-111,GR33535_00,공주,GM33535IL0002_002.jpg,진두면,1444,2691,1499,2806
팔도군현지도,古4709-111,GR33535_00,공주,GM33535IL0002_002.jpg,차대산,1433,1931,1477,2033
팔도군현지도,古4709-111,GR33535_00,공주,GM33535IL0002_002.jpg,차령,1180,1522,1261,1567
팔도군현지도,古4709-111,GR33535_00,공주,GM33535IL0002_002.jpg,차유령,551,1648,601,1777
팔도군현지도,古4709-111,GR33535_00,공주,GM33535IL0002_002.jpg,창,804,1785,845,1834
팔도군현지도,古4709-111,GR33535_00,공주,GM33535IL0002_002.jpg,창강,935,2716,1003,2756
팔도군현지도,古4709-111,GR33535_00,공주,GM33535IL0002_002.jpg,천내면,2272,2683,2315,2772
팔도군현지도,古4709-111,GR33535_00,공주,GM33535IL0002_002.jpg,탄동면,2093,2329,2220,2373
팔도군현지도,古4709-111,GR33535_00,공주,GM33535IL0002_002.jpg,판치,1367,2523,1471,2567
팔도군현지도,古4709-111,GR33535_00,공주,GM33535IL0002_002.jpg,현내면,1962,2402,2011,2499
팔도군현지도,古4709-111,GR33535_00,문의,GM33535IL0002_018.jpg,강정,909,2375,957,2464
팔도군현지도,古4709-111,GR33535_00,문의,GM33535IL0002_018.jpg,금방산,1586,2104,1646,2217
팔도군현지도,古4709-111,GR33535_00,문의,GM33535IL0002_018.jpg,남면,1403,2494,1453,2579
팔도군현지도,古4709-111,GR33535_00,문의,GM33535IL0002_018.jpg,누치,1415,2204,1501,2252
팔도군현지도,古4709-111,GR33535_00,문의,GM33535IL0002_018.jpg,대명산,1046,1946,1151,1994
팔도군현지도,古4709-111,GR33535_00,문의,GM33535IL0002_018.jpg,덕유역,1248,2223,1301,2337
팔도군현지도,古4709-111,GR33535_00,문의,GM33535IL0002_018.jpg,동면,1584,1967,1639,2054
팔도군현지도,古4709-111,GR33535_00,문의,GM33535IL0002_018.jpg,북면,1065,2042,1110,2109
팔도군현지도,古4709-111,GR33535_00,문의,GM33535IL0002_018.jpg,사벽동,1444,2274,1494,2399
팔도군현지도,古4709-111,GR33535_00,문의,GM33535IL0002_018.jpg,서도면,800,2175,844,2259
팔도군현지도,古4709-111,GR33535_00,문의,GM33535IL0002_018.jpg,서도면,862,2241,914,2343
팔도군현지도,古4709-111,GR33535_00,문의,GM33535IL0002_018.jpg,서도면,1079,2232,1131,2334
팔도군현지도,古4709-111,GR33535_00,문의,GM33535IL0002_018.jpg,서원,753,2180,799,2264
팔도군현지도,古4709-111,GR33535_00,문의,GM33535IL0002_018.jpg,서원,1007,2278,1068,2372
팔도군현지도,古4709-111,GR33535_00,문의,GM33535IL0002_018.jpg,신탄,959,2372,1017,2464
팔도군현지도,古4709-111,GR33535_00,문의,GM33535IL0002_018.jpg,양생산,1208,2077,1329,2131
팔도군현지도,古4709-111,GR33535_00,문의,GM33535IL0002_018.jpg,월굴산,1329,2274,1428,2322
팔도군현지도,古4709-111,GR33535_00,문의,GM33535IL0002_018.jpg,율치,1310,1990,1396,2042
팔도군현지도,古4709-111,GR33535_00,문의,GM33535IL0002_018.jpg,이소산봉,1388,2109,1526,2156
팔도군현지도,古4709-111,GR33535_00,문의,GM33535IL0002_018.jpg,저자산,939,2210,1053,2257
팔도군현지도,古4709-111,GR33535_00,문의,GM33535IL0002_018.jpg,태봉,1518,2254,1572,2350
팔도군현지도,古4709-111,GR33535_00,문의,GM33535IL0002_018.jpg,현사,1152,2242,1234,2300
팔도군현지도,古4709-111,GR33535_00,문의,GM33535IL0002_018.jpg,형각진,1215,2462,1353,2521
팔도군현지도,古4709-111,GR33535_00,연기,GM33535IL0002_010.jpg,금사역,1205,2628,1252,2743
팔도군현지도,古4709-111,GR33535_00,연기,GM33535IL0002_010.jpg,남면,1250,2565,1300,2633
팔도군현지도,古4709-111,GR33535_00,연기,GM33535IL0002_010.jpg,대박산,1086,2304,1133,2387
팔도군현지도,古4709-111,GR33535_00,연기,GM33535IL0002_010.jpg,동면,1453,2658,1500,2736
팔도군현지도,古4709-111,GR33535_00,연기,GM33535IL0002_010.jpg,동이면,1304,2483,1356,2573
팔도군현지도,古4709-111,GR33535_00,연기,GM33535IL0002_010.jpg,동진,1318,2390,1366,2470
팔도군현지도,古4709-111,GR33535_00,연기,GM33535IL0002_010.jpg,둔덕산,941,2453,1061,2498
팔도군현지도,古4709-111,GR33535_00,연기,GM33535IL0002_010.jpg,북삼면,973,2290,1023,2382
팔도군현지도,古4709-111,GR33535_00,연기,GM33535IL0002_010.jpg,북이면,1012,2216,1123,2263
팔도군현지도,古4709-111,GR33535_00,연기,GM33535IL0002_010.jpg,북일면,1250,2196,1301,2286
팔도군현지도,古4709-111,GR33535_00,연기,GM33535IL0002_010.jpg,성당사,860,2307,916,2425
팔도군현지도,古4709-111,GR33535_00,연기,GM33535IL0002_010.jpg,소학동,1040,2508,1090,2622
팔도군현지도,古4709-111,GR33535_00,연기,GM33535IL0002_010.jpg,송현,972,2140,1063,2184
팔도군현지도,古4709-111,GR33535_00,연기,GM33535IL0002_010.jpg,양인동,1369,2588,1475,2640
팔도군현지도,古4709-111,GR33535_00,연기,GM33535IL0002_010.jpg,오봉산,1188,2107,1311,2158
팔도군현지도,古4709-111,GR33535_00,연기,GM33535IL0002_010.jpg,용당,1393,2650,1446,2731
팔도군현지도,古4709-111,GR33535_00,연기,GM33535IL0002_010.jpg,운주산,767,2310,822,2409
팔도군현지도,古4709-111,GR33535_00,연기,GM33535IL0002_010.jpg,원수산,1143,2520,1192,2595
팔도군현지도,古4709-111,GR33535_00,연기,GM33535IL0002_010.jpg,전월산,1134,2603,1179,2694
팔도군현지도,古4709-111,GR33535_00,연기,GM33535IL0002_010.jpg,정좌산,1138,2238,1179,2317
팔도군현지도,古4709-111,GR33535_00,연산,GM33535IL0002_008.jpg,개태치,1025,2221,1074,2317
팔도군현지도,古4709-111,GR33535_00,연산,GM33535IL0002_008.jpg,거토리천,886,2760,1009,2806
팔도군현지도,古4709-111,GR33535_00,연산,GM33535IL0002_008.jpg,계룡산,855,1734,976,1783
팔도군현지도,古4709-111,GR33535_00,연산,GM33535IL0002_008.jpg,구산서원,817,2305,864,2432
팔도군현지도,古4709-111,GR33535_00,연산,GM33535IL0002_008.jpg,대둔산,1299,2575,1427,2617
팔도군현지도,古4709-111,GR33535_00,연산,GM33535IL0002_008.jpg,도솔산,1190,2510,1240,2617
팔도군현지도,古4709-111,GR33535_00,연산,GM33535IL0002_008.jpg,두마면,965,2111,1018,2206
팔도군현지도,古4709-111,GR33535_00,연산,GM33535IL0002_008.jpg,둔암서원,715,2447,770,2581
팔도군현지도,古4709-111,GR33535_00,연산,GM33535IL0002_008.jpg,모촌면,1074,2600,1122,2717
팔도군현지도,古4709-111,GR33535_00,연산,GM33535IL0002_008.jpg,백석면,877,2238,921,2320
팔도군현지도,古4709-111,GR33535_00,연산,GM33535IL0002_008.jpg,벌곡면,1306,2454,1443,2502
팔도군현지도,古4709-111,GR33535_00,연산,GM33535IL0002_008.jpg,부인처면,658,2452,710,2571
팔도군현지도,古4709-111,GR33535_00,연산,GM33535IL0002_008.jpg,사교천,540,2544,593,2648
팔도군현지도,古4709-111,GR33535_00,연산,GM33535IL0002_008.jpg,사현,842,2077,889,2137
팔도군현지도,古4709-111,GR33535_00,연산,GM33535IL0002_008.jpg,살포치,757,2269,817,2377
팔도군현지도,古4709-111,GR33535_00,연산,GM33535IL0002_008.jpg,식한면,839,2142,885,2224
팔도군현지도,古4709-111,GR33535_00,연산,GM33535IL0002_008.jpg,양정치,895,2122,945,2221
팔도군현지도,古4709-111,GR33535_00,연산,GM33535IL0002_008.jpg,외성면,784,2479,829,2584
팔도군현지도,古4709-111,GR33535_00,연산,GM33535IL0002_008.jpg,적사곡면,723,2605,772,2690
팔도군현지도,古4709-111,GR33535_00,연산,GM33535IL0002_008.jpg,충곡서원,829,2476,881,2614
팔도군현지도,古4709-111,GR33535_00,연산,GM33535IL0002_008.jpg,평천역,592,2555,635,2651
팔도군현지도,古4709-111,GR33535_00,연산,GM33535IL0002_008.jpg,한삼천,1149,2393,1197,2505
팔도군현지도,古4709-111,GR33535_00,연산,GM33535IL0002_008.jpg,황령,1021,2421,1064,2504
팔도군현지도,古4709-111,GR33535_00,연산,GM33535IL0002_008.jpg,후천,921,2373,968,2457
팔도군현지도,古4709-111,GR33535_00,연산,GM33535IL0002_008.jpg,휴정서원,851,2626,907,2755
팔도군현지도,古4709-111,GR33535_00,옥천,GM33535IL0002_012.jpg,가치,1723,3275,1835,3331
팔도군현지도,古4709-111,GR33535_00,옥천,GM33535IL0002_012.jpg,가화역,970,1984,1010,2058
팔도군현지도,古4709-111,GR33535_00,옥천,GM33535IL0002_012.jpg,갈현,1557,2854,1615,2947
팔도군현지도,古4709-111,GR33535_00,옥천,GM33535IL0002_012.jpg,감로산,764,1855,863,1916
팔도군현지도,古4709-111,GR33535_00,옥천,GM33535IL0002_012.jpg,군남면,1000,2158,1065,2256
팔도군현지도,古4709-111,GR33535_00,옥천,GM33535IL0002_012.jpg,군동면,1298,1898,1354,2024
팔도군현지도,古4709-111,GR33535_00,옥천,GM33535IL0002_012.jpg,군북면,890,1894,947,1996
팔도군현지도,古4709-111,GR33535_00,옥천,GM33535IL0002_012.jpg,군서면,734,2044,795,2138
팔도군현지도,古4709-111,GR33535_00,옥천,GM33535IL0002_012.jpg,금적산,1541,1528,1677,1581
팔도군현지도,古4709-111,GR33535_00,옥천,GM33535IL0002_012.jpg,남면,1216,2549,1307,2593
팔도군현지도,古4709-111,GR33535_00,옥천,GM33535IL0002_012.jpg,남이면,1589,2984,1637,3091
팔도군현지도,古4709-111,GR33535_00,옥천,GM33535IL0002_012.jpg,마니산,1375,2608,1433,2697
팔도군현지도,古4709-111,GR33535_00,옥천,GM33535IL0002_012.jpg,마성산,1025,1844,1081,1937
팔도군현지도,古4709-111,GR33535_00,옥천,GM33535IL0002_012.jpg,문치,1414,1616,1503,1668
팔도군현지도,古4709-111,GR33535_00,옥천,GM33535IL0002_012.jpg,봉,889,1758,937,1805
팔도군현지도,古4709-111,GR33535_00,옥천,GM33535IL0002_012.jpg,비봉산,1183,2703,1261,2812
팔도군현지도,古4709-111,GR33535_00,옥천,GM33535IL0002_012.jpg,삼성산,973,2106,1088,2150
팔도군현지도,古4709-111,GR33535_00,옥천,GM33535IL0002_012.jpg,서대산,855,2242,973,2293
팔도군현지도,古4709-111,GR33535_00,옥천,GM33535IL0002_012.jpg,서화수,773,2165,837,2288
팔도군현지도,古4709-111,GR33535_00,옥천,GM33535IL0002_012.jpg,순양역,1518,2960,1577,3094
팔도군현지도,古4709-111,GR33535_00,옥천,GM33535IL0002_012.jpg,식장산,570,1968,624,2075
팔도군현지도,古4709-111,GR33535_00,옥천,GM33535IL0002_012.jpg,신탄,1124,2164,1185,2242
팔도군현지도,古4709-111,GR33535_00,옥천,GM33535IL0002_012.jpg,안남면,1557,1829,1596,1932
팔도군현지도,古4709-111,GR33535_00,옥천,GM33535IL0002_012.jpg,안내면,1247,1735,1303,1838
팔도군현지도,古4709-111,GR33535_00,옥천,GM33535IL0002_012.jpg,안읍창,1434,1762,1541,1815
팔도군현지도,古4709-111,GR33535_00,옥천,GM33535IL0002_012.jpg,안치,1598,1751,1657,1834
팔도군현지도,古4709-111,GR33535_00,옥천,GM33535IL0002_012.jpg,양남면,1805,3176,1935,3221
팔도군현지도,古4709-111,GR33535_00,옥천,GM33535IL0002_012.jpg,양내면,1440,2774,1498,2884
팔도군현지도,古4709-111,GR33535_00,옥천,GM33535IL0002_012.jpg,양산창,1321,2768,1438,2828
팔도군현지도,古4709-111,GR33535_00,옥천,GM33535IL0002_012.jpg,영음치,1640,1618,1687,1737
팔도군현지도,古4709-111,GR33535_00,옥천,GM33535IL0002_012.jpg,원치,620,1907,678,1979
팔도군현지도,古4709-111,GR33535_00,옥천,GM33535IL0002_012.jpg,월이봉,1128,2352,1241,2405
팔도군현지도,古4709-111,GR33535_00,옥천,GM33535IL0002_012.jpg,유령,1525,1991,1613,2049
팔도군현지도,古4709-111,GR33535_00,옥천,GM33535IL0002_012.jpg,이남면,1016,2259,1067,2354
팔도군현지도,古4709-111,GR33535_00,옥천,GM33535IL0002_012.jpg,이내면,1178,2253,1294,2300
팔도군현지도,古4709-111,GR33535_00,옥천,GM33535IL0002_012.jpg,이산창,1084,2407,1132,2508
팔도군현지도,古4709-111,GR33535_00,옥천,GM33535IL0002_012.jpg,자작리,1960,3208,2011,3322
팔도군현지도,古4709-111,GR33535_00,옥천,GM33535IL0002_012.jpg,장사리,1074,1660,1214,1730
팔도군현지도,古4709-111,GR33535_00,옥천,GM33535IL0002_012.jpg,장선치,1288,1532,1340,1656
팔도군현지도,古4709-111,GR33535_00,옥천,GM33535IL0002_012.jpg,적등진,1284,2411,1337,2535
팔도군현지도,古4709-111,GR33535_00,옥천,GM33535IL0002_012.jpg,증약역,688,1849,759,1968
팔도군현지도,古4709-111,GR33535_00,옥천,GM33535IL0002_012.jpg,지근산,1256,2645,1371,2697
팔도군현지도,古4709-111,GR33535_00,옥천,GM33535IL0002_012.jpg,천마산,1678,3105,1795,3159
팔도군현지도,古4709-111,GR33535_00,옥천,GM33535IL0002_012.jpg,토파역,1155,2436,1214,2548
팔도군현지도,古4709-111,GR33535_00,옥천,GM33535IL0002_012.jpg,표충사,1505,2104,1559,2222
팔도군현지도,古4709-111,GR33535_00,옥천,GM33535IL0002_012.jpg,호탄,1059,2580,1123,2676
팔도군현지도,古4709-111,GR33535_00,옥천,GM33535IL0002_012.jpg,화인역,1438,1938,1496,2050
팔도군현지도,古4709-111,GR33535_00,옥천,GM33535IL0002_012.jpg,환산,834,1807,912,1852
팔도군현지도,古4709-111,GR33535_00,은진,GM33535IL0002_006.jpg,가야곡면,1254,1978,1294,2098
팔도군현지도,古4709-111,GR33535_00,은진,GM33535IL0002_006.jpg,갈마동면,1453,2242,1499,2377
팔도군현지도,古4709-111,GR33535_00,은진,GM33535IL0002_006.jpg,강경,860,2154,902,2218
팔도군현지도,古4709-111,GR33535_00,은진,GM33535IL0002_006.jpg,강창,823,2190,861,2248
팔도군현지도,古4709-111,GR33535_00,은진,GM33535IL0002_006.jpg,고포면,1052,2119,1090,2210
팔도군현지도,古4709-111,GR33535_00,은진,GM33535IL0002_006.jpg,관촉사,1012,1912,1128,1954
팔도군현지도,古4709-111,GR33535_00,은진,GM33535IL0002_006.jpg,구노현,1377,2260,1436,2359
팔도군현지도,古4709-111,GR33535_00,은진,GM33535IL0002_006.jpg,구자곡면,1223,2373,1290,2458
팔도군현지도,古4709-111,GR33535_00,은진,GM33535IL0002_006.jpg,금포면,910,2106,956,2201
팔도군현지도,古4709-111,GR33535_00,은진,GM33535IL0002_006.jpg,대조곡면,1068,2074,1194,2132
팔도군현지도,古4709-111,GR33535_00,은진,GM33535IL0002_006.jpg,도곡면,1009,2208,1131,2256
팔도군현지도,古4709-111,GR33535_00,은진,GM33535IL0002_006.jpg,두상면,1337,2354,1386,2443
팔도군현지도,古4709-111,GR33535_00,은진,GM33535IL0002_006.jpg,두하면,1419,2380,1461,2474
팔도군현지도,古4709-111,GR33535_00,은진,GM33535IL0002_006.jpg,마야산,1286,2354,1330,2457
팔도군현지도,古4709-111,GR33535_00,은진,GM33535IL0002_006.jpg,미륵,1056,1972,1095,2037
팔도군현지도,古4709-111,GR33535_00,은진,GM33535IL0002_006.jpg,백화산,1004,1970,1044,2049
팔도군현지도,古4709-111,GR33535_00,은진,GM33535IL0002_006.jpg,봉,782,2170,819,2205
팔도군현지도,古4709-111,GR33535_00,은진,GM33535IL0002_006.jpg,불명산,1551,2306,1653,2351
팔도군현지도,古4709-111,GR33535_00,은진,GM33535IL0002_006.jpg,선약산,1103,1952,1144,2018
팔도군현지도,古4709-111,GR33535_00,은진,GM33535IL0002_006.jpg,성본면,949,1972,994,2068
팔도군현지도,古4709-111,GR33535_00,은진,GM33535IL0002_006.jpg,소호산,1149,2223,1196,2328
팔도군현지도,古4709-111,GR33535_00,은진,GM33535IL0002_006.jpg,송산면,1195,1973,1241,2049
팔도군현지도,古4709-111,GR33535_00,은진,GM33535IL0002_006.jpg,송진,1101,1834,1140,1894
팔도군현지도,古4709-111,GR33535_00,은진,GM33535IL0002_006.jpg,수령산,1307,2464,1383,2508
팔도군현지도,古4709-111,GR33535_00,은진,GM33535IL0002_006.jpg,쌍계사,1515,2329,1559,2444
팔도군현지도,古4709-111,GR33535_00,은진,GM33535IL0002_006.jpg,연산창,933,1828,1038,1881
팔도군현지도,古4709-111,GR33535_00,은진,GM33535IL0002_006.jpg,율령천,1300,1989,1343,2113
팔도군현지도,古4709-111,GR33535_00,은진,GM33535IL0002_006.jpg,전촌,1393,2196,1465,2236
팔도군현지도,古4709-111,GR33535_00,은진,GM33535IL0002_006.jpg,죽본면,1203,2139,1298,2185
팔도군현지도,古4709-111,GR33535_00,은진,GM33535IL0002_006.jpg,채운면,862,2264,906,2370
팔도군현지도,古4709-111,GR33535_00,은진,GM33535IL0002_006.jpg,탕마면,1343,2119,1386,2223
팔도군현지도,古4709-111,GR33535_00,은진,GM33535IL0002_006.jpg,화산면,987,2100,1031,2197
팔도군현지도,古4709-111,GR33535_00,은진,GM33535IL0002_006.jpg,화지산면,1053,1818,1092,1908
팔도군현지도,古4709-111,GR33535_00,이산,GM33535IL0002_005.jpg,건평,1883,1809,1929,1880
팔도군현지도,古4709-111,GR33535_00,이산,GM33535IL0002_005.jpg,관리사,2135,1785,2179,1880
팔도군현지도,古4709-111,GR33535_00,이산,GM33535IL0002_005.jpg,광석면,1990,2078,2034,2160
팔도군현지도,古4709-111,GR33535_00,이산,GM33535IL0002_005.jpg,국사봉,2336,1705,2446,1753
팔도군현지도,古4709-111,GR33535_00,이산,GM33535IL0002_005.jpg,노성산,2063,1713,2103,1800
팔도군현지도,古4709-111,GR33535_00,이산,GM33535IL0002_005.jpg,논산교,2047,2069,2096,2154
팔도군현지도,古4709-111,GR33535_00,이산,GM33535IL0002_005.jpg,두사면,2121,1976,2158,2073
팔도군현지도,古4709-111,GR33535_00,이산,GM33535IL0002_005.jpg,득이면,2021,1981,2056,2074
팔도군현지도,古4709-111,GR33535_00,이산,GM33535IL0002_005.jpg,봉,2159,1721,2200,1764
팔도군현지도,古4709-111,GR33535_00,이산,GM33535IL0002_005.jpg,상도면,2285,1775,2326,1866
팔도군현지도,古4709-111,GR33535_00,이산,GM33535IL0002_005.jpg,석교천,1976,1829,2015,1919
팔도군현지도,古4709-111,GR33535_00,이산,GM33535IL0002_005.jpg,소사리,1900,1879,1944,1977
팔도군현지도,古4709-111,GR33535_00,이산,GM33535IL0002_005.jpg,수탕천,1853,1925,1895,2017
팔도군현지도,古4709-111,GR33535_00,이산,GM33535IL0002_005.jpg,월우면,2152,1898,2187,1980
팔도군현지도,古4709-111,GR33535_00,이산,GM33535IL0002_005.jpg,장구면,2020,1872,2062,1959
팔도군현지도,古4709-111,GR33535_00,이산,GM33535IL0002_005.jpg,죽산,1910,2088,1951,2137
팔도군현지도,古4709-111,GR33535_00,이산,GM33535IL0002_005.jpg,천동면,2066,1974,2109,2067
팔도군현지도,古4709-111,GR33535_00,이산,GM33535IL0002_005.jpg,초포,2202,1982,2246,2052
팔도군현지도,古4709-111,GR33535_00,이산,GM33535IL0002_005.jpg,하도면,2266,1938,2312,2023
팔도군현지도,古4709-111,GR33535_00,이산,GM33535IL0002_005.jpg,화곡면,1955,1729,2041,1776
팔도군현지도,古4709-111,GR33535_00,진잠,GM33535IL0002_009.jpg,계룡산,1760,1936,1870,1986
팔도군현지도,古4709-111,GR33535_00,진잠,GM33535IL0002_009.jpg,계룡산,1863,2156,1913,2256
팔도군현지도,古4709-111,GR33535_00,진잠,GM33535IL0002_009.jpg,구봉,2066,2151,2144,2196
팔도군현지도,古4709-111,GR33535_00,진잠,GM33535IL0002_009.jpg,금수산,1946,1922,2054,1977
팔도군현지도,古4709-111,GR33535_00,진잠,GM33535IL0002_009.jpg,동면,2217,2069,2259,2144
팔도군현지도,古4709-111,GR33535_00,진잠,GM33535IL0002_009.jpg,북면,2123,1981,2170,2046
팔도군현지도,古4709-111,GR33535_00,진잠,GM33535IL0002_009.jpg,상남면,2184,2234,2233,2312
팔도군현지도,古4709-111,GR33535_00,진잠,GM33535IL0002_009.jpg,서면,1906,2220,1942,2287
팔도군현지도,古4709-111,GR33535_00,진잠,GM33535IL0002_009.jpg,소요정,1956,2196,2004,2310
팔도군현지도,古4709-111,GR33535_00,진잠,GM33535IL0002_009.jpg,안평산,2160,2403,2243,2442
팔도군현지도,古4709-111,GR33535_00,진잠,GM33535IL0002_009.jpg,약수봉,1958,2051,2009,2167
팔도군현지도,古4709-111,GR33535_00,진잠,GM33535IL0002_009.jpg,옥산,2144,2097,2216,2135
팔도군현지도,古4709-111,GR33535_00,진잠,GM33535IL0002_009.jpg,용태동,2121,2318,2162,2399
팔도군현지도,古4709-111,GR33535_00,진잠,GM33535IL0002_009.jpg,하남면,1995,2328,2039,2417
팔도군현지도,古4709-111,GR33535_00,진잠,GM33535IL0002_009.jpg,해태산,2247,2397,2287,2477
팔도군현지도,古4709-111,GR33535_00,청주,GM33535IL0002_020.jpg,거질대령,1507,1060,1534,1122
팔도군현지도,古4709-111,GR33535_00,청주,GM33535IL0002_020.jpg,검감산,1963,1111,2022,1148
팔도군현지도,古4709-111,GR33535_00,청주,GM33535IL0002_020.jpg,공림사,1879,1086,1911,1136
팔도군현지도,古4709-111,GR33535_00,청주,GM33535IL0002_020.jpg,굴운치,953,854,1046,886
팔도군현지도,古4709-111,GR33535_00,청주,GM33535IL0002_020.jpg,굴치,2016,970,2047,1018
팔도군현지도,古4709-111,GR33535_00,청주,GM33535IL0002_020.jpg,금성창,1143,923,1170,977
팔도군현지도,古4709-111,GR33535_00,청주,GM33535IL0002_020.jpg,금장대,2155,1205,2221,1235
팔도군현지도,古4709-111,GR33535_00,청주,GM33535IL0002_020.jpg,기곡산,1706,995,1769,1028
팔도군현지도,古4709-111,GR33535_00,청주,GM33535IL0002_020.jpg,기암서원,1332,952,1360,1025
팔도군현지도,古4709-111,GR33535_00,청주,GM33535IL0002_020.jpg,남이면,1399,1184,1437,1235
팔도군현지도,古4709-111,GR33535_00,청주,GM33535IL0002_020.jpg,남일면,1431,1158,1485,1190
팔도군현지도,古4709-111,GR33535_00,청주,GM33535IL0002_020.jpg,남차이면,1294,1172,1323,1230
팔도군현지도,古4709-111,GR33535_00,청주,GM33535IL0002_020.jpg,대교천,1379,1133,1410,1190
팔도군현지도,古4709-111,GR33535_00,청주,GM33535IL0002_020.jpg,대명산,1341,1231,1387,1255
팔도군현지도,古4709-111,GR33535_00,청주,GM33535IL0002_020.jpg,덕평면,814,884,843,942
팔도군현지도,古4709-111,GR33535_00,청주,GM33535IL0002_020.jpg,동림사,1176,1013,1207,1072
팔도군현지도,古4709-111,GR33535_00,청주,GM33535IL0002_020.jpg,만동묘,2067,1116,2096,1182
팔도군현지도,古4709-111,GR33535_00,청주,GM33535IL0002_020.jpg,백록서원,1108,1135,1145,1203
팔도군현지도,古4709-111,GR33535_00,청주,GM33535IL0002_020.jpg,병영,1417,1062,1462,1089
팔도군현지도,古4709-111,GR33535_00,청주,GM33535IL0002_020.jpg,부탄,1131,1238,1166,1286
팔도군현지도,古4709-111,GR33535_00,청주,GM33535IL0002_020.jpg,북강내이면,1571,916,1600,986
팔도군현지도,古4709-111,GR33535_00,청주,GM33535IL0002_020.jpg,북강외이면,1345,888,1374,956
팔도군현지도,古4709-111,GR33535_00,청주,GM33535IL0002_020.jpg,북강외이면,1433,968,1515,999
팔도군현지도,古4709-111,GR33535_00,청주,GM33535IL0002_020.jpg,북강외일면,1471,902,1551,936
팔도군현지도,古4709-111,GR33535_00,청주,GM33535IL0002_020.jpg,북수,1369,1046,1399,1082
팔도군현지도,古4709-111,GR33535_00,청주,GM33535IL0002_020.jpg,북창,1384,929,1422,956
팔도군현지도,古4709-111,GR33535_00,청주,GM33535IL0002_020.jpg,분치,1686,1061,1719,1103
팔도군현지도,古4709-111,GR33535_00,청주,GM33535IL0002_020.jpg,산내이상면,1632,1085,1659,1148
팔도군현지도,古4709-111,GR33535_00,청주,GM33535IL0002_020.jpg,산내일면,1691,1184,1767,1210
팔도군현지도,古4709-111,GR33535_00,청주,GM33535IL0002_020.jpg,산내일하면,1582,1178,1612,1237
팔도군현지도,古4709-111,GR33535_00,청주,GM33535IL0002_020.jpg,산당산성,1496,985,1520,1045
팔도군현지도,古4709-111,GR33535_00,청주,GM33535IL0002_020.jpg,산외이면,1597,981,1660,1006
팔도군현지도,古4709-111,GR33535_00,청주,GM33535IL0002_020.jpg,산외일면,1527,989,1551,1041
팔도군현지도,古4709-111,GR33535_00,청주,GM33535IL0002_020.jpg,서강내일면,1254,1103,1287,1173
팔도군현지도,古4709-111,GR33535_00,청주,GM33535IL0002_020.jpg,서강외이면,1201,946,1229,1011
팔도군현지도,古4709-111,GR33535_00,청주,GM33535IL0002_020.jpg,서강외일면,1183,1079,1213,1149
팔도군현지도,古4709-111,GR33535_00,청주,GM33535IL0002_020.jpg,서원,1146,1151,1177,1202
팔도군현지도,古4709-111,GR33535_00,청주,GM33535IL0002_020.jpg,서원,1424,1017,1448,1059
팔도군현지도,古4709-111,GR33535_00,청주,GM33535IL0002_020.jpg,서원,1512,1147,1538,1191
팔도군현지도,古4709-111,GR33535_00,청주,GM33535IL0002_020.jpg,서원,1590,1104,1613,1158
팔도군현지도,古4709-111,GR33535_00,청주,GM33535IL0002_020.jpg,서원,2030,1095,2059,1145
팔도군현지도,古4709-111,GR33535_00,청주,GM33535IL0002_020.jpg,서천,1741,1103,1773,1150
팔도군현지도,古4709-111,GR33535_00,청주,GM33535IL0002_020.jpg,선유동,2146,1045,2188,1117
팔도군현지도,古4709-111,GR33535_00,청주,GM33535IL0002_020.jpg,선지산,1558,1185,1582,1236
팔도군현지도,古4709-111,GR33535_00,청주,GM33535IL0002_020.jpg,소정참,1216,887,1241,935
팔도군현지도,古4709-111,GR33535_00,청주,GM33535IL0002_020.jpg,소탄,1174,877,1222,902
팔도군현지도,古4709-111,GR33535_00,청주,GM33535IL0002_020.jpg,송계서원,1341,1154,1370,1230
팔도군현지도,古4709-111,GR33535_00,청주,GM33535IL0002_020.jpg,송면리,2134,1148,2210,1177
팔도군현지도,古4709-111,GR33535_00,청주,GM33535IL0002_020.jpg,수신면,1114,872,1140,931
팔도군현지도,古4709-111,GR33535_00,청주,GM33535IL0002_020.jpg,신원창,1259,995,1323,1026
팔도군현지도,古4709-111,GR33535_00,청주,GM33535IL0002_020.jpg,쌍수역,1484,1213,1513,1273
팔도군현지도,古4709-111,GR33535_00,청주,GM33535IL0002_020.jpg,쌍천,1565,1103,1589,1151
팔도군현지도,古4709-111,GR33535_00,청주,GM33535IL0002_020.jpg,안심사,1193,1281,1261,1310
팔도군현지도,古4709-111,GR33535_00,청주,GM33535IL0002_020.jpg,영,1627,1235,1658,1267
팔도군현지도,古4709-111,GR33535_00,청주,GM33535IL0002_020.jpg,오근진,1382,993,1440,1021
팔도군현지도,古4709-111,GR33535_00,청주,GM33535IL0002_020.jpg,용굴,1631,1149,1659,1192
팔도군현지도,古4709-111,GR33535_00,청주,GM33535IL0002_020.jpg,용자산,1123,1009,1170,1037
팔도군현지도,古4709-111,GR33535_00,청주,GM33535IL0002_020.jpg,웅치,1761,1255,1821,1294
팔도군현지도,古4709-111,GR33535_00,청주,GM33535IL0002_020.jpg,원천,1306,1120,1335,1166
팔도군현지도,古4709-111,GR33535_00,청주,GM33535IL0002_020.jpg,유치,2020,1188,2077,1220
팔도군현지도,古4709-111,GR33535_00,청주,GM33535IL0002_020.jpg,율봉,1449,1012,1474,1062
팔도군현지도,古4709-111,GR33535_00,청주,GM33535IL0002_020.jpg,율치,1447,1282,1505,1317
팔도군현지도,古4709-111,GR33535_00,청주,GM33535IL0002_020.jpg,인경산,1573,1017,1621,1052
팔도군현지도,古4709-111,GR33535_00,청주,GM33535IL0002_020.jpg,작천,1329,1036,1355,1078
팔도군현지도,古4709-111,GR33535_00,청주,GM33535IL0002_020.jpg,장명역,1073,871,1107,935
팔도군현지도,古4709-111,GR33535_00,청주,GM33535IL0002_020.jpg,저산,1204,1162,1248,1191
팔도군현지도,古4709-111,GR33535_00,청주,GM33535IL0002_020.jpg,저산역,1169,1235,1236,1264
팔도군현지도,古4709-111,GR33535_00,청주,GM33535IL0002_020.jpg,좌구산,1740,946,1804,979
팔도군현지도,古4709-111,GR33535_00,청주,GM33535IL0002_020.jpg,주안면,1523,1587,1576,1616
팔도군현지도,古4709-111,GR33535_00,청주,GM33535IL0002_020.jpg,증자천,1640,927,1666,984
팔도군현지도,古4709-111,GR33535_00,청주,GM33535IL0002_020.jpg,창,1499,1545,1528,1574
팔도군현지도,古4709-111,GR33535_00,청주,GM33535IL0002_020.jpg,청천면,1800,1085,1857,1118
팔도군현지도,古4709-111,GR33535_00,청주,GM33535IL0002_020.jpg,청천창,1801,1017,1857,1052
팔도군현지도,古4709-111,GR33535_00,청주,GM33535IL0002_020.jpg,파곶산,2113,954,2177,983
팔도군현지도,古4709-111,GR33535_00,청주,GM33535IL0002_020.jpg,팔봉산,1279,1241,1330,1270
팔도군현지도,古4709-111,GR33535_00,청주,GM33535IL0002_020.jpg,화양동,2050,1020,2112,1050
팔도군현지도,古4709-111,GR33535_00,청주,GM33535IL0002_020.jpg,환장암,1988,1029,2025,1093
팔도군현지도,古4709-111,GR33535_00,청주,GM33535IL0002_020.jpg,환희산,1353,843,1416,875
팔도군현지도,古4709-111,GR33535_00,회덕,GM33535IL0002_011.jpg,갑천,1586,2383,1630,2445
팔도군현지도,古4709-111,GR33535_00,회덕,GM33535IL0002_011.jpg,계족산,1748,2247,1798,2332
팔도군현지도,古4709-111,GR33535_00,회덕,GM33535IL0002_011.jpg,내남면,1722,2361,1767,2461
팔도군현지도,古4709-111,GR33535_00,회덕,GM33535IL0002_011.jpg,동면,1896,2324,1974,2379
팔도군현지도,古4709-111,GR33535_00,회덕,GM33535IL0002_011.jpg,동치,1807,2380,1850,2452
팔도군현지도,古4709-111,GR33535_00,회덕,GM33535IL0002_011.jpg,미호,1720,2075,1770,2151
팔도군현지도,古4709-111,GR33535_00,회덕,GM33535IL0002_011.jpg,봉,1694,2278,1735,2326
팔도군현지도,古4709-111,GR33535_00,회덕,GM33535IL0002_011.jpg,북면,1625,2223,1717,2255
팔도군현지도,古4709-111,GR33535_00,회덕,GM33535IL0002_011.jpg,서면,1499,2257,1561,2292
팔도군현지도,古4709-111,GR33535_00,회덕,GM33535IL0002_011.jpg,서원,1483,2291,1561,2330
팔도군현지도,古4709-111,GR33535_00,회덕,GM33535IL0002_011.jpg,서원,1625,2263,1671,2336
팔도군현지도,古4709-111,GR33535_00,회덕,GM33535IL0002_011.jpg,서원,1645,2154,1690,2222
팔도군현지도,古4709-111,GR33535_00,회덕,GM33535IL0002_011.jpg,식장산,1953,2629,2001,2733
팔도군현지도,古4709-111,GR33535_00,회덕,GM33535IL0002_011.jpg,외남면,1892,2581,1939,2670
팔도군현지도,古4709-111,GR33535_00,회덕,GM33535IL0002_011.jpg,원치,1961,2476,2006,2558
팔도군현지도,古4709-111,GR33535_00,회덕,GM33535IL0002_011.jpg,일도면,1964,2219,2015,2296
팔도군현지도,古4709-111,GR33535_00,회덕,GM33535IL0002_011.jpg,정민역,1477,2330,1587,2374
팔도군현지도,古4709-111,GR33535_00,회덕,GM33535IL0002_011.jpg,질치,1761,2473,1810,2554
팔도군현지도,古4709-111,GR33535_00,회덕,GM33535IL0002_011.jpg,질치,1887,2484,1931,2548
팔도군현지도,古4709-111,GR33535_00,회덕,GM33535IL0002_011.jpg,형각진,1827,2015,1881,2132
팔도군현지도,古4709-111,GR33535_00,회인,GM33535IL0002_017.jpg,강외면,1592,2447,1639,2541
팔도군현지도,古4709-111,GR33535_00,회인,GM33535IL0002_017.jpg,구룡산,2099,1934,2143,2023
팔도군현지도,古4709-111,GR33535_00,회인,GM33535IL0002_017.jpg,금방산,1648,1915,1697,2009
팔도군현지도,古4709-111,GR33535_00,회인,GM33535IL0002_017.jpg,남면,1791,2335,1835,2403
팔도군현지도,古4709-111,GR33535_00,회인,GM33535IL0002_017.jpg,노령,2038,2095,2077,2177
팔도군현지도,古4709-111,GR33535_00,회인,GM33535IL0002_017.jpg,노성산,1947,2332,1997,2414
팔도군현지도,古4709-111,GR33535_00,회인,GM33535IL0002_017.jpg,동면,2095,2112,2133,2181
팔도군현지도,古4709-111,GR33535_00,회인,GM33535IL0002_017.jpg,말흘탄,1720,2443,1776,2539
팔도군현지도,古4709-111,GR33535_00,회인,GM33535IL0002_017.jpg,묵현,1506,2214,1557,2298
팔도군현지도,古4709-111,GR33535_00,회인,GM33535IL0002_017.jpg,북면,1777,1893,1824,1950
팔도군현지도,古4709-111,GR33535_00,회인,GM33535IL0002_017.jpg,서면,1612,2225,1653,2281
팔도군현지도,古4709-111,GR33535_00,회인,GM33535IL0002_017.jpg,아마산,1640,2159,1687,2256
팔도군현지도,古4709-111,GR33535_00,회인,GM33535IL0002_017.jpg,장선치,2089,2283,2199,2336
팔도군현지도,古4709-111,GR33535_00,회인,GM33535IL0002_017.jpg,차의현,2161,1955,2208,2057
팔도군현지도,古4709-111,GR33535_00,회인,GM33535IL0002_017.jpg,피반령,1908,1831,1953,1953
해동지도,古大4709-41,GR33469_00,공주목,GM33469IL0006_042.jpg,각흘치,379,1100,440,1208
해동지도,古大4709-41,GR33469_00,공주목,GM33469IL0006_042.jpg,갑사,679,2247,757,2296
해동지도,古大4709-41,GR33469_00,공주목,GM33469IL0006_042.jpg,계룡산,817,2389,958,2439
해동지도,古大4709-41,GR33469_00,공주목,GM33469IL0006_042.jpg,고궁,688,1775,814,1818
해동지도,古大4709-41,GR33469_00,공주목,GM33469IL0006_042.jpg,고등산,901,1469,994,1535
해동지도,古大4709-41,GR33469_00,공주목,GM33469IL0006_042.jpg,곡화천면,317,2584,387,2681
해동지도,古大4709-41,GR33469_00,공주목,GM33469IL0006_042.jpg,관풍루,588,1812,634,1915
해동지도,古大4709-41,GR33469_00,공주목,GM33469IL0006_042.jpg,광정역,792,1370,850,1469
해동지도,古大4709-41,GR33469_00,공주목,GM33469IL0006_042.jpg,구칙면,1306,2044,1351,2150
해동지도,古大4709-41,GR33469_00,공주목,GM33469IL0006_042.jpg,금강진,901,1535,969,1634
해동지도,古大4709-41,GR33469_00,공주목,GM33469IL0006_042.jpg,남부면,394,2089,445,2203
해동지도,古大4709-41,GR33469_00,공주목,GM33469IL0006_042.jpg,남창,427,2424,464,2508
해동지도,古大4709-41,GR33469_00,공주목,GM33469IL0006_042.jpg,단평역,322,1492,373,1597
해동지도,古大4709-41,GR33469_00,공주목,GM33469IL0006_042.jpg,도산서원,1058,2406,1165,2458
해동지도,古大4709-41,GR33469_00,공주목,GM33469IL0006_042.jpg,동부면,929,2017,976,2130
해동지도,古大4709-41,GR33469_00,공주목,GM33469IL0006_042.jpg,동창,1175,2023,1234,2079
해동지도,古大4709-41,GR33469_00,공주목,GM33469IL0006_042.jpg,동학사,775,2269,877,2328
해동지도,古大4709-41,GR33469_00,공주목,GM33469IL0006_042.jpg,동혈사,1019,1566,1126,1617
해동지도,古大4709-41,GR33469_00,공주목,GM33469IL0006_042.jpg,마곡사,446,1270,557,1324
해동지도,古大4709-41,GR33469_00,공주목,GM33469IL0006_042.jpg,명탄면,1083,2102,1185,2187
해동지도,古大4709-41,GR33469_00,공주목,GM33469IL0006_042.jpg,목동면,513,2307,564,2409
해동지도,古大4709-41,GR33469_00,공주목,GM33469IL0006_042.jpg,반탄면,383,2242,488,2286
해동지도,古大4709-41,GR33469_00,공주목,GM33469IL0006_042.jpg,반탄진,285,2462,337,2579
해동지도,古大4709-41,GR33469_00,공주목,GM33469IL0006_042.jpg,반포면,1049,2072,1144,2169
해동지도,古大4709-41,GR33469_00,공주목,GM33469IL0006_042.jpg,보문사,1083,2550,1180,2607
해동지도,古大4709-41,GR33469_00,공주목,GM33469IL0006_042.jpg,본관피향당객사,683,1817,739,1999
해동지도,古大4709-41,GR33469_00,공주목,GM33469IL0006_042.jpg,봉대,761,1962,848,2030
해동지도,古大4709-41,GR33469_00,공주목,GM33469IL0006_042.jpg,봉대,881,1376,929,1455
해동지도,古大4709-41,GR33469_00,공주목,GM33469IL0006_042.jpg,봉대,941,1061,999,1161
해동지도,古大4709-41,GR33469_00,공주목,GM33469IL0006_042.jpg,봉황산,424,1849,471,2006
해동지도,古大4709-41,GR33469_00,공주목,GM33469IL0006_042.jpg,부유산,1286,1774,1407,1839
해동지도,古大4709-41,GR33469_00,공주목,GM33469IL0006_042.jpg,북창,981,1379,1022,1454
해동지도,古大4709-41,GR33469_00,공주목,GM33469IL0006_042.jpg,사곡면,559,1253,609,1348
해동지도,古大4709-41,GR33469_00,공주목,GM33469IL0006_042.jpg,산내면,1224,2526,1294,2613
해동지도,古大4709-41,GR33469_00,공주목,GM33469IL0006_042.jpg,삼기면,1419,1854,1514,1917
해동지도,古大4709-41,GR33469_00,공주목,GM33469IL0006_042.jpg,서창,251,1418,372,1463
해동지도,古大4709-41,GR33469_00,공주목,GM33469IL0006_042.jpg,선곡면,983,2023,1048,2111
해동지도,古大4709-41,GR33469_00,공주목,GM33469IL0006_042.jpg,선화당,571,1911,614,2009
해동지도,古大4709-41,GR33469_00,공주목,GM33469IL0006_042.jpg,성두면,182,1699,249,1841
해동지도,古大4709-41,GR33469_00,공주목,GM33469IL0006_042.jpg,신상면,178,1319,231,1449
해동지도,古大4709-41,GR33469_00,공주목,GM33469IL0006_042.jpg,신원사,577,2522,690,2573
해동지도,古大4709-41,GR33469_00,공주목,GM33469IL0006_042.jpg,신하면,176,1480,238,1572
해동지도,古大4709-41,GR33469_00,공주목,GM33469IL0006_042.jpg,쌍령산,1042,1056,1096,1191
해동지도,古大4709-41,GR33469_00,공주목,GM33469IL0006_042.jpg,쌍수산성,590,1623,752,1678
해동지도,古大4709-41,GR33469_00,공주목,GM33469IL0006_042.jpg,양야리면,1302,1860,1348,1982
해동지도,古大4709-41,GR33469_00,공주목,GM33469IL0006_042.jpg,와탄진,1204,1868,1270,1967
해동지도,古大4709-41,GR33469_00,공주목,GM33469IL0006_042.jpg,요당면,1061,1772,1122,1911
해동지도,古大4709-41,GR33469_00,공주목,GM33469IL0006_042.jpg,우정면,483,1426,544,1513
해동지도,古大4709-41,GR33469_00,공주목,GM33469IL0006_042.jpg,웅진,330,1653,390,1763
해동지도,古大4709-41,GR33469_00,공주목,GM33469IL0006_042.jpg,웅진제소,410,1581,566,1634
해동지도,古大4709-41,GR33469_00,공주목,GM33469IL0006_042.jpg,월성산,861,1871,911,1976
해동지도,古大4709-41,GR33469_00,공주목,GM33469IL0006_042.jpg,유구역,370,1381,428,1508
해동지도,古大4709-41,GR33469_00,공주목,GM33469IL0006_042.jpg,유등천면,1182,2456,1301,2505
해동지도,古大4709-41,GR33469_00,공주목,GM33469IL0006_042.jpg,유창,1078,2266,1148,2316
해동지도,古大4709-41,GR33469_00,공주목,GM33469IL0006_042.jpg,율사,1191,2230,1263,2297
해동지도,古大4709-41,GR33469_00,공주목,GM33469IL0006_042.jpg,의랑면,1138,1477,1191,1600
해동지도,古大4709-41,GR33469_00,공주목,GM33469IL0006_042.jpg,이인역,348,2443,393,2566
해동지도,古大4709-41,GR33469_00,공주목,GM33469IL0006_042.jpg,일신역,999,1699,1059,1844
해동지도,古大4709-41,GR33469_00,공주목,GM33469IL0006_042.jpg,장대,644,1477,689,1551
해동지도,古大4709-41,GR33469_00,공주목,GM33469IL0006_042.jpg,장척동면,1172,1770,1229,1907
해동지도,古大4709-41,GR33469_00,공주목,GM33469IL0006_042.jpg,정안면,858,1288,934,1367
해동지도,古大4709-41,GR33469_00,공주목,GM33469IL0006_042.jpg,진두면,520,2479,566,2590
해동지도,古大4709-41,GR33469_00,공주목,GM33469IL0006_042.jpg,차령,1083,1290,1151,1393
해동지도,古大4709-41,GR33469_00,공주목,GM33469IL0006_042.jpg,창강서원,318,2683,476,2739
해동지도,古大4709-41,GR33469_00,공주목,GM33469IL0006_042.jpg,창고,583,1513,628,1579
해동지도,古大4709-41,GR33469_00,공주목,GM33469IL0006_042.jpg,채포창,302,2334,375,2462
해동지도,古大4709-41,GR33469_00,공주목,GM33469IL0006_042.jpg,청림사,521,2688,637,2755
해동지도,古大4709-41,GR33469_00,공주목,GM33469IL0006_042.jpg,충현서원,882,2140,939,2292
해동지도,古大4709-41,GR33469_00,공주목,GM33469IL0006_042.jpg,태봉,535,2261,639,2311
해동지도,古大4709-41,GR33469_00,공주목,GM33469IL0006_042.jpg,학소도,927,1892,1033,1984
해동지도,古大4709-41,GR33469_00,공주목,GM33469IL0006_042.jpg,향교,452,1768,589,1817
해동지도,古大4709-41,GR33469_00,공주목,GM33469IL0006_042.jpg,향지사,422,2517,516,2579
해동지도,古大4709-41,GR33469_00,공주목,GM33469IL0006_042.jpg,현내면,1148,2218,1191,2316
해동지도,古大4709-41,GR33469_00,금산군,GM33469IL0007_018.jpg,가정원,1806,2223,1944,2295
해동지도,古大4709-41,GR33469_00,금산군,GM33469IL0007_018.jpg,객사,1247,2135,1353,2203
해동지도,古大4709-41,GR33469_00,금산군,GM33469IL0007_018.jpg,고제봉순절비,1221,1557,1387,1621
해동지도,古大4709-41,GR33469_00,금산군,GM33469IL0007_018.jpg,군북면,1636,1637,1736,1765
해동지도,古大4709-41,GR33469_00,금산군,GM33469IL0007_018.jpg,군이면,1397,2067,1485,2213
해동지도,古大4709-41,GR33469_00,금산군,GM33469IL0007_018.jpg,군일면,1135,1961,1213,2077
해동지도,古大4709-41,GR33469_00,금산군,GM33469IL0007_018.jpg,남이면,1261,2457,1343,2570
해동지도,古大4709-41,GR33469_00,금산군,GM33469IL0007_018.jpg,남일면,1437,2241,1525,2355
해동지도,古大4709-41,GR33469_00,금산군,GM33469IL0007_018.jpg,동일면,1429,1765,1513,1907
해동지도,古大4709-41,GR33469_00,금산군,GM33469IL0007_018.jpg,백자치,776,2548,911,2614
해동지도,古大4709-41,GR33469_00,금산군,GM33469IL0007_018.jpg,범용당,1401,1477,1521,1537
해동지도,古大4709-41,GR33469_00,금산군,GM33469IL0007_018.jpg,보석사,1379,2445,1487,2507
해동지도,古大4709-41,GR33469_00,금산군,GM33469IL0007_018.jpg,부남면,1597,2305,1688,2457
해동지도,古大4709-41,GR33469_00,금산군,GM33469IL0007_018.jpg,부동면,1912,2195,1978,2351
해동지도,古大4709-41,GR33469_00,금산군,GM33469IL0007_018.jpg,부북면,1756,1353,1854,1487
해동지도,古大4709-41,GR33469_00,금산군,GM33469IL0007_018.jpg,부서면,1918,1785,2008,1933
해동지도,古大4709-41,GR33469_00,금산군,GM33469IL0007_018.jpg,서대산,1545,1076,1674,1154
해동지도,古大4709-41,GR33469_00,금산군,GM33469IL0007_018.jpg,서이면,1497,1307,1581,1413
해동지도,古大4709-41,GR33469_00,금산군,GM33469IL0007_018.jpg,서일면,925,1713,1003,1837
해동지도,古大4709-41,GR33469_00,금산군,GM33469IL0007_018.jpg,성곡서원,967,2059,1091,2133
해동지도,古大4709-41,GR33469_00,금산군,GM33469IL0007_018.jpg,송치,1624,2530,1716,2600
해동지도,古大4709-41,GR33469_00,금산군,GM33469IL0007_018.jpg,신안사,1916,1206,2046,1283
해동지도,古大4709-41,GR33469_00,금산군,GM33469IL0007_018.jpg,신음산,1974,1012,2092,1092
해동지도,古大4709-41,GR33469_00,금산군,GM33469IL0007_018.jpg,신치,1399,1124,1513,1208
해동지도,古大4709-41,GR33469_00,금산군,GM33469IL0007_018.jpg,아사,1315,1913,1421,1983
해동지도,古大4709-41,GR33469_00,금산군,GM33469IL0007_018.jpg,월봉산,732,2027,855,2083
해동지도,古大4709-41,GR33469_00,금산군,GM33469IL0007_018.jpg,의총,1411,1417,1499,1471
해동지도,古大4709-41,GR33469_00,금산군,GM33469IL0007_018.jpg,제원역,1904,1389,2034,1467
해동지도,古大4709-41,GR33469_00,금산군,GM33469IL0007_018.jpg,조종산,915,2265,1051,2327
해동지도,古大4709-41,GR33469_00,금산군,GM33469IL0007_018.jpg,창,1207,1947,1269,2007
해동지도,古大4709-41,GR33469_00,금산군,GM33469IL0007_018.jpg,추락산,967,1909,1043,2029
해동지도,古大4709-41,GR33469_00,금산군,GM33469IL0007_018.jpg,향교,1343,1731,1439,1799
해동지도,古大4709-41,GR33469_00,금산군,GM33469IL0007_018.jpg,험애,911,1361,991,1473
해동지도,古大4709-41,GR33469_00,금산군,GM33469IL0007_018.jpg,험애,2056,2095,2146,2205
해동지도,古大4709-41,GR33469_00,금산군,GM33469IL0007_018.jpg,험애,2120,1244,2202,1355
해동지도,古大4709-41,GR33469_00,문의현,GM33469IL0006_036.jpg,강정,644,1051,743,1112
해동지도,古大4709-41,GR33469_00,문의현,GM33469IL0006_036.jpg,객사,1401,1919,1506,1965
해동지도,古大4709-41,GR33469_00,문의현,GM33469IL0006_036.jpg,금담서원,949,883,1024,1028
해동지도,古大4709-41,GR33469_00,문의현,GM33469IL0006_036.jpg,노봉서원,749,1600,892,1655
해동지도,古大4709-41,GR33469_00,문의현,GM33469IL0006_036.jpg,대간봉,1861,2196,1921,2307
해동지도,古大4709-41,GR33469_00,문의현,GM33469IL0006_036.jpg,대담,519,2299,572,2378
해동지도,古大4709-41,GR33469_00,문의현,GM33469IL0006_036.jpg,대룡혈,1299,2305,1403,2352
해동지도,古大4709-41,GR33469_00,문의현,GM33469IL0006_036.jpg,대명산,1946,1339,2075,1395
해동지도,古大4709-41,GR33469_00,문의현,GM33469IL0006_036.jpg,덕유역,862,1776,923,1900
해동지도,古大4709-41,GR33469_00,문의현,GM33469IL0006_036.jpg,동면,1574,2269,1626,2363
해동지도,古大4709-41,GR33469_00,문의현,GM33469IL0006_036.jpg,매포,789,998,845,1077
해동지도,古大4709-41,GR33469_00,문의현,GM33469IL0006_036.jpg,면남,882,2258,966,2319
해동지도,古大4709-41,GR33469_00,문의현,GM33469IL0006_036.jpg,묘암동,1080,2385,1132,2471
해동지도,古大4709-41,GR33469_00,문의현,GM33469IL0006_036.jpg,백천,1724,784,1780,886
해동지도,古大4709-41,GR33469_00,문의현,GM33469IL0006_036.jpg,봉대,1642,2076,1695,2166
해동지도,古大4709-41,GR33469_00,문의현,GM33469IL0006_036.jpg,부용강,844,779,997,865
해동지도,古大4709-41,GR33469_00,문의현,GM33469IL0006_036.jpg,북면,2079,1460,2144,1542
해동지도,古大4709-41,GR33469_00,문의현,GM33469IL0006_036.jpg,삼도면,1338,1039,1399,1137
해동지도,古大4709-41,GR33469_00,문의현,GM33469IL0006_036.jpg,성현,739,2225,840,2278
해동지도,古大4709-41,GR33469_00,문의현,GM33469IL0006_036.jpg,시만치,1291,2417,1349,2506
해동지도,古大4709-41,GR33469_00,문의현,GM33469IL0006_036.jpg,신탄진,620,1596,710,1710
해동지도,古大4709-41,GR33469_00,문의현,GM33469IL0006_036.jpg,아사,1250,1921,1350,1979
해동지도,古大4709-41,GR33469_00,문의현,GM33469IL0006_036.jpg,양성산,1264,1502,1417,1570
해동지도,古大4709-41,GR33469_00,문의현,GM33469IL0006_036.jpg,연자담,528,2487,645,2556
해동지도,古大4709-41,GR33469_00,문의현,GM33469IL0006_036.jpg,왕묘동,887,2571,945,2686
해동지도,古大4709-41,GR33469_00,문의현,GM33469IL0006_036.jpg,월굴봉,932,2137,1036,2203
해동지도,古大4709-41,GR33469_00,문의현,GM33469IL0006_036.jpg,월리사,945,2411,987,2502
해동지도,古大4709-41,GR33469_00,문의현,GM33469IL0006_036.jpg,율현,1763,2001,1875,2064
해동지도,古大4709-41,GR33469_00,문의현,GM33469IL0006_036.jpg,읍내면,1396,1986,1452,2098
해동지도,古大4709-41,GR33469_00,문의현,GM33469IL0006_036.jpg,응봉,929,1372,1035,1449
해동지도,古大4709-41,GR33469_00,문의현,GM33469IL0006_036.jpg,이도면,859,967,915,1070
해동지도,古大4709-41,GR33469_00,문의현,GM33469IL0006_036.jpg,일도면,814,1482,873,1575
해동지도,古大4709-41,GR33469_00,문의현,GM33469IL0006_036.jpg,저자산,2055,1851,2173,1905
해동지도,古大4709-41,GR33469_00,문의현,GM33469IL0006_036.jpg,제,2052,2047,2125,2111
해동지도,古大4709-41,GR33469_00,문의현,GM33469IL0006_036.jpg,제,2083,1926,2152,1979
해동지도,古大4709-41,GR33469_00,문의현,GM33469IL0006_036.jpg,증산,1149,1056,1243,1118
해동지도,古大4709-41,GR33469_00,문의현,GM33469IL0006_036.jpg,태봉,1183,2253,1287,2300
해동지도,古大4709-41,GR33469_00,문의현,GM33469IL0006_036.jpg,향교,1191,1752,1280,1805
해동지도,古大4709-41,GR33469_00,문의현,GM33469IL0006_036.jpg,현사,607,1825,734,1882
해동지도,古大4709-41,GR33469_00,문의현,GM33469IL0006_036.jpg,형강진,473,1926,533,2031
해동지도,古大4709-41,GR33469_00,문의현,GM33469IL0006_036.jpg,홍치,1047,2023,1102,2106
해동지도,古大4709-41,GR33469_00,문의현,GM33469IL0006_036.jpg,화계,690,2551,784,2604
해동지도,古大4709-41,GR33469_00,연기현,GM33469IL0006_052.jpg,객사,1038,1837,1136,1893
해동지도,古大4709-41,GR33469_00,연기현,GM33469IL0006_052.jpg,금사역,508,2004,568,2122
해동지도,古大4709-41,GR33469_00,연기현,GM33469IL0006_052.jpg,남면,398,1832,522,1888
해동지도,古大4709-41,GR33469_00,연기현,GM33469IL0006_052.jpg,대박산,1356,1610,1414,1686
해동지도,古大4709-41,GR33469_00,연기현,GM33469IL0006_052.jpg,동이면,1711,1865,1755,1959
해동지도,古大4709-41,GR33469_00,연기현,GM33469IL0006_052.jpg,동일면,1639,2083,1689,2207
해동지도,古大4709-41,GR33469_00,연기현,GM33469IL0006_052.jpg,동진,1339,1864,1391,1951
해동지도,古大4709-41,GR33469_00,연기현,GM33469IL0006_052.jpg,둔덕산,562,1411,632,1507
해동지도,古大4709-41,GR33469_00,연기현,GM33469IL0006_052.jpg,백천,1628,2417,1679,2508
해동지도,古大4709-41,GR33469_00,연기현,GM33469IL0006_052.jpg,봉巖,1342,1719,1403,1827
해동지도,古大4709-41,GR33469_00,연기현,GM33469IL0006_052.jpg,부동,1444,2283,1553,2343
해동지도,古大4709-41,GR33469_00,연기현,GM33469IL0006_052.jpg,부암,1050,2167,1102,2251
해동지도,古大4709-41,GR33469_00,연기현,GM33469IL0006_052.jpg,북삼면,781,1318,835,1398
해동지도,古大4709-41,GR33469_00,연기현,GM33469IL0006_052.jpg,북이면,1315,1500,1373,1600
해동지도,古大4709-41,GR33469_00,연기현,GM33469IL0006_052.jpg,북일면,1511,1423,1556,1499
해동지도,古大4709-41,GR33469_00,연기현,GM33469IL0006_052.jpg,삼기,273,2294,332,2377
해동지도,古大4709-41,GR33469_00,연기현,GM33469IL0006_052.jpg,석현,268,1387,318,1466
해동지도,古大4709-41,GR33469_00,연기현,GM33469IL0006_052.jpg,성령,246,2077,360,2148
해동지도,古大4709-41,GR33469_00,연기현,GM33469IL0006_052.jpg,성산,1172,1553,1216,1610
해동지도,古大4709-41,GR33469_00,연기현,GM33469IL0006_052.jpg,소석산,1443,1617,1518,1656
해동지도,古大4709-41,GR33469_00,연기현,GM33469IL0006_052.jpg,소학동,288,1677,351,1805
해동지도,古大4709-41,GR33469_00,연기현,GM33469IL0006_052.jpg,송치,661,1099,721,1181
해동지도,古大4709-41,GR33469_00,연기현,GM33469IL0006_052.jpg,아사,961,1652,1054,1707
해동지도,古大4709-41,GR33469_00,연기현,GM33469IL0006_052.jpg,양인동,1778,1834,1822,1949
해동지도,古大4709-41,GR33469_00,연기현,GM33469IL0006_052.jpg,오봉산,1181,950,1321,1007
해동지도,古大4709-41,GR33469_00,연기현,GM33469IL0006_052.jpg,용사산,866,2107,929,2221
해동지도,古大4709-41,GR33469_00,연기현,GM33469IL0006_052.jpg,운주,895,1096,982,1147
해동지도,古大4709-41,GR33469_00,연기현,GM33469IL0006_052.jpg,원사산,580,2196,638,2283
해동지도,古大4709-41,GR33469_00,연기현,GM33469IL0006_052.jpg,읍내면,1143,1791,1185,1896
해동지도,古大4709-41,GR33469_00,연기현,GM33469IL0006_052.jpg,자용산,551,1252,661,1312
해동지도,古大4709-41,GR33469_00,연기현,GM33469IL0006_052.jpg,장산,1820,1672,1868,1776
해동지도,古大4709-41,GR33469_00,연기현,GM33469IL0006_052.jpg,전당,1487,1678,1534,1762
해동지도,古大4709-41,GR33469_00,연기현,GM33469IL0006_052.jpg,전월봉,623,2364,754,2432
해동지도,古大4709-41,GR33469_00,연기현,GM33469IL0006_052.jpg,정좌산,1554,1351,1651,1460
해동지도,古大4709-41,GR33469_00,연기현,GM33469IL0006_052.jpg,태천,632,1368,686,1449
해동지도,古大4709-41,GR33469_00,연기현,GM33469IL0006_052.jpg,합강,1006,2243,1069,2316
해동지도,古大4709-41,GR33469_00,연기현,GM33469IL0006_052.jpg,향교,1197,1820,1282,1869
해동지도,古大4709-41,GR33469_00,연산현,GM33469IL0006_045.jpg,개태치,1315,1698,1382,1809
해동지도,古大4709-41,GR33469_00,연산현,GM33469IL0006_045.jpg,객사,1249,2333,1358,2390
해동지도,古大4709-41,GR33469_00,연산현,GM33469IL0006_045.jpg,계룡산,407,1476,462,1608
해동지도,古大4709-41,GR33469_00,연산현,GM33469IL0006_045.jpg,고산성기,593,1822,656,1995
해동지도,古大4709-41,GR33469_00,연산현,GM33469IL0006_045.jpg,구산서원,488,2365,655,2429
해동지도,古大4709-41,GR33469_00,연산현,GM33469IL0006_045.jpg,대곡면,1834,1627,1973,1681
해동지도,古大4709-41,GR33469_00,연산현,GM33469IL0006_045.jpg,대노산,2300,1392,2364,1525
해동지도,古大4709-41,GR33469_00,연산현,GM33469IL0006_045.jpg,대둔산,1197,1529,1333,1597
해동지도,古大4709-41,GR33469_00,연산현,GM33469IL0006_045.jpg,덕목치,2079,2395,2135,2529
해동지도,古大4709-41,GR33469_00,연산현,GM33469IL0006_045.jpg,도솔산,2014,2608,2068,2731
해동지도,古大4709-41,GR33469_00,연산현,GM33469IL0006_045.jpg,돌당치,2056,2189,2223,2248
해동지도,古大4709-41,GR33469_00,연산현,GM33469IL0006_045.jpg,두마면,1241,1400,1406,1459
해동지도,古大4709-41,GR33469_00,연산현,GM33469IL0006_045.jpg,모촌면,1579,2457,1698,2521
해동지도,古大4709-41,GR33469_00,연산현,GM33469IL0006_045.jpg,백석면,583,2280,694,2320
해동지도,古大4709-41,GR33469_00,연산현,GM33469IL0006_045.jpg,부인처면,859,3008,1022,3086
해동지도,古大4709-41,GR33469_00,연산현,GM33469IL0006_045.jpg,서원,827,2660,926,2719
해동지도,古大4709-41,GR33469_00,연산현,GM33469IL0006_045.jpg,서원,1458,2868,1556,2928
해동지도,古大4709-41,GR33469_00,연산현,GM33469IL0006_045.jpg,수락암,1223,2822,1384,2881
해동지도,古大4709-41,GR33469_00,연산현,GM33469IL0006_045.jpg,식한면,677,1676,823,1736
해동지도,古大4709-41,GR33469_00,연산현,GM33469IL0006_045.jpg,신대,531,1513,592,1602
해동지도,古大4709-41,GR33469_00,연산현,GM33469IL0006_045.jpg,아사,1402,2306,1500,2365
해동지도,古大4709-41,GR33469_00,연산현,GM33469IL0006_045.jpg,양정치,774,1557,882,1607
해동지도,古大4709-41,GR33469_00,연산현,GM33469IL0006_045.jpg,외성면,985,2885,1080,2934
해동지도,古大4709-41,GR33469_00,연산현,GM33469IL0006_045.jpg,적사곡면,1380,2929,1529,2997
해동지도,古大4709-41,GR33469_00,연산현,GM33469IL0006_045.jpg,평천역,1109,2889,1201,2937
해동지도,古大4709-41,GR33469_00,연산현,GM33469IL0006_045.jpg,한삼천,1636,1704,1771,1754
해동지도,古大4709-41,GR33469_00,연산현,GM33469IL0006_045.jpg,해창,521,2998,623,3057
해동지도,古大4709-41,GR33469_00,연산현,GM33469IL0006_045.jpg,향교,833,2091,897,2195
해동지도,古大4709-41,GR33469_00,연산현,GM33469IL0006_045.jpg,현내면,1479,2410,1604,2469
해동지도,古大4709-41,GR33469_00,연산현,GM33469IL0006_045.jpg,황산치,1844,1767,1966,1822
해동지도,古大4709-41,GR33469_00,옥천군,GM33469IL0007_013.jpg,가화역,482,1681,604,1824
해동지도,古大4709-41,GR33469_00,옥천군,GM33469IL0007_013.jpg,객사,648,1550,761,1621
해동지도,古大4709-41,GR33469_00,옥천군,GM33469IL0007_013.jpg,구둔치,880,2015,984,2077
해동지도,古大4709-41,GR33469_00,옥천군,GM33469IL0007_013.jpg,군남면,650,1798,729,1920
해동지도,古大4709-41,GR33469_00,옥천군,GM33469IL0007_013.jpg,군동면,1320,1830,1386,1952
해동지도,古大4709-41,GR33469_00,옥천군,GM33469IL0007_013.jpg,군북면,498,1173,626,1271
해동지도,古大4709-41,GR33469_00,옥천군,GM33469IL0007_013.jpg,군서면,317,1605,409,1753
해동지도,古大4709-41,GR33469_00,옥천군,GM33469IL0007_013.jpg,마성산,604,1402,671,1512
해동지도,古大4709-41,GR33469_00,옥천군,GM33469IL0007_013.jpg,비봉산,345,2292,494,2356
해동지도,古大4709-41,GR33469_00,옥천군,GM33469IL0007_013.jpg,서대산,255,1838,399,1904
해동지도,古大4709-41,GR33469_00,옥천군,GM33469IL0007_013.jpg,순양역,347,2449,411,2571
해동지도,古大4709-41,GR33469_00,옥천군,GM33469IL0007_013.jpg,아사,548,1554,646,1625
해동지도,古大4709-41,GR33469_00,옥천군,GM33469IL0007_013.jpg,안남면,1428,1918,1522,2051
해동지도,古大4709-41,GR33469_00,옥천군,GM33469IL0007_013.jpg,안내면,1520,1731,1601,1862
해동지도,古大4709-41,GR33469_00,옥천군,GM33469IL0007_013.jpg,안읍창,1390,1784,1520,1856
해동지도,古大4709-41,GR33469_00,옥천군,GM33469IL0007_013.jpg,양남면,303,2390,369,2517
해동지도,古大4709-41,GR33469_00,옥천군,GM33469IL0007_013.jpg,양내면,500,2447,640,2521
해동지도,古大4709-41,GR33469_00,옥천군,GM33469IL0007_013.jpg,양산창,405,2416,524,2477
해동지도,古大4709-41,GR33469_00,옥천군,GM33469IL0007_013.jpg,월이산봉대,811,2029,892,2119
해동지도,古大4709-41,GR33469_00,옥천군,GM33469IL0007_013.jpg,읍내면,582,1639,665,1767
해동지도,古大4709-41,GR33469_00,옥천군,GM33469IL0007_013.jpg,이남면,596,2047,675,2181
해동지도,古大4709-41,GR33469_00,옥천군,GM33469IL0007_013.jpg,이내면,1010,2219,1149,2290
해동지도,古大4709-41,GR33469_00,옥천군,GM33469IL0007_013.jpg,이산창,1054,2105,1145,2203
해동지도,古大4709-41,GR33469_00,옥천군,GM33469IL0007_013.jpg,적등진,1201,2278,1281,2444
해동지도,古大4709-41,GR33469_00,옥천군,GM33469IL0007_013.jpg,증자역,277,1207,363,1356
해동지도,古大4709-41,GR33469_00,옥천군,GM33469IL0007_013.jpg,지륵산,253,2071,413,2147
해동지도,古大4709-41,GR33469_00,옥천군,GM33469IL0007_013.jpg,창,518,1639,578,1703
해동지도,古大4709-41,GR33469_00,옥천군,GM33469IL0007_013.jpg,토파역,910,2053,988,2133
해동지도,古大4709-41,GR33469_00,옥천군,GM33469IL0007_013.jpg,향교,878,1741,976,1816
해동지도,古大4709-41,GR33469_00,옥천군,GM33469IL0007_013.jpg,호계탄,679,2189,789,2296
해동지도,古大4709-41,GR33469_00,옥천군,GM33469IL0007_013.jpg,화인역,1448,1661,1537,1780
해동지도,古大4709-41,GR33469_00,옥천군,GM33469IL0007_013.jpg,화인진,1358,1804,1428,1914
해동지도,古大4709-41,GR33469_00,옥천군,GM33469IL0007_013.jpg,환산봉대,251,1086,403,1187
해동지도,古大4709-41,GR33469_00,옥천군,GM33469IL0007_013.jpg,환선루,677,2418,823,2503
해동지도,古大4709-41,GR33469_00,은진현,GM33469IL0006_043.jpg,가야곡면,1424,1486,1503,1640
해동지도,古大4709-41,GR33469_00,은진현,GM33469IL0006_043.jpg,갈마동면,1582,1470,1651,1642
해동지도,古大4709-41,GR33469_00,은진현,GM33469IL0006_043.jpg,갈마산,1815,1319,1984,1371
해동지도,古大4709-41,GR33469_00,은진현,GM33469IL0006_043.jpg,강경산,337,2147,401,2249
해동지도,古大4709-41,GR33469_00,은진현,GM33469IL0006_043.jpg,강창,297,2369,403,2434
해동지도,古大4709-41,GR33469_00,은진현,GM33469IL0006_043.jpg,객사,933,1794,1032,1844
해동지도,古大4709-41,GR33469_00,은진현,GM33469IL0006_043.jpg,건지산,1213,1466,1275,1585
해동지도,古大4709-41,GR33469_00,은진현,GM33469IL0006_043.jpg,관촉암,1184,1206,1319,1269
해동지도,古大4709-41,GR33469_00,은진현,GM33469IL0006_043.jpg,구자곡면,1459,2682,1529,2812
해동지도,古大4709-41,GR33469_00,은진현,GM33469IL0006_043.jpg,금곡사,1060,2506,1119,2596
해동지도,古大4709-41,GR33469_00,은진현,GM33469IL0006_043.jpg,금포면,407,2228,477,2350
해동지도,古大4709-41,GR33469_00,은진현,GM33469IL0006_043.jpg,남항교,967,2219,1047,2338
해동지도,古大4709-41,GR33469_00,은진현,GM33469IL0006_043.jpg,논산교,533,1012,593,1131
해동지도,古大4709-41,GR33469_00,은진현,GM33469IL0006_043.jpg,대조곡면,1134,1885,1187,2043
해동지도,古大4709-41,GR33469_00,은진현,GM33469IL0006_043.jpg,도곡면,894,2218,947,2332
해동지도,古大4709-41,GR33469_00,은진현,GM33469IL0006_043.jpg,두상면,1875,1756,1926,1872
해동지도,古大4709-41,GR33469_00,은진현,GM33469IL0006_043.jpg,두하면,1553,1827,1613,1925
해동지도,古大4709-41,GR33469_00,은진현,GM33469IL0006_043.jpg,마랑산,1703,2063,1817,2131
해동지도,古大4709-41,GR33469_00,은진현,GM33469IL0006_043.jpg,미라교,1218,2719,1291,2814
해동지도,古大4709-41,GR33469_00,은진현,GM33469IL0006_043.jpg,반야산,1033,1084,1205,1147
해동지도,古大4709-41,GR33469_00,은진현,GM33469IL0006_043.jpg,봉대,255,2160,317,2251
해동지도,古大4709-41,GR33469_00,은진현,GM33469IL0006_043.jpg,봉대,512,1143,568,1220
해동지도,古大4709-41,GR33469_00,은진현,GM33469IL0006_043.jpg,불명,2005,2162,2096,2230
해동지도,古大4709-41,GR33469_00,은진현,GM33469IL0006_043.jpg,성본면,390,1350,463,1504
해동지도,古大4709-41,GR33469_00,은진현,GM33469IL0006_043.jpg,송산면,849,1332,906,1434
해동지도,古大4709-41,GR33469_00,은진현,GM33469IL0006_043.jpg,쌍계사,1985,2007,2124,2071
해동지도,古大4709-41,GR33469_00,은진현,GM33469IL0006_043.jpg,아사,800,1741,926,1802
해동지도,古大4709-41,GR33469_00,은진현,GM33469IL0006_043.jpg,원항교,484,2242,593,2321
해동지도,古大4709-41,GR33469_00,은진현,GM33469IL0006_043.jpg,정토산,1456,2357,1592,2407
해동지도,古大4709-41,GR33469_00,은진현,GM33469IL0006_043.jpg,제,355,1490,409,1545
해동지도,古大4709-41,GR33469_00,은진현,GM33469IL0006_043.jpg,제,408,1731,473,1787
해동지도,古大4709-41,GR33469_00,은진현,GM33469IL0006_043.jpg,제,440,2774,503,2825
해동지도,古大4709-41,GR33469_00,은진현,GM33469IL0006_043.jpg,제,483,1380,541,1433
해동지도,古大4709-41,GR33469_00,은진현,GM33469IL0006_043.jpg,제,494,1877,558,1926
해동지도,古大4709-41,GR33469_00,은진현,GM33469IL0006_043.jpg,제,627,1965,685,2014
해동지도,古大4709-41,GR33469_00,은진현,GM33469IL0006_043.jpg,제,732,1208,788,1257
해동지도,古大4709-41,GR33469_00,은진현,GM33469IL0006_043.jpg,제,823,2340,873,2379
해동지도,古大4709-41,GR33469_00,은진현,GM33469IL0006_043.jpg,제,849,2430,896,2467
해동지도,古大4709-41,GR33469_00,은진현,GM33469IL0006_043.jpg,제,961,2409,1005,2451
해동지도,古大4709-41,GR33469_00,은진현,GM33469IL0006_043.jpg,제,1081,2012,1132,2057
해동지도,古大4709-41,GR33469_00,은진현,GM33469IL0006_043.jpg,제,1139,2730,1181,2770
해동지도,古大4709-41,GR33469_00,은진현,GM33469IL0006_043.jpg,제,1161,2036,1214,2086
해동지도,古大4709-41,GR33469_00,은진현,GM33469IL0006_043.jpg,제,1188,2276,1244,2319
해동지도,古大4709-41,GR33469_00,은진현,GM33469IL0006_043.jpg,제,1312,1805,1363,1851
해동지도,古大4709-41,GR33469_00,은진현,GM33469IL0006_043.jpg,제,1313,1991,1369,2038
해동지도,古大4709-41,GR33469_00,은진현,GM33469IL0006_043.jpg,죽본면,1374,1932,1424,2027
해동지도,古大4709-41,GR33469_00,은진현,GM33469IL0006_043.jpg,중화재사우,1809,1539,1985,1597
해동지도,古大4709-41,GR33469_00,은진현,GM33469IL0006_043.jpg,채운면,317,2760,381,2912
해동지도,古大4709-41,GR33469_00,은진현,GM33469IL0006_043.jpg,채운산,404,2913,472,3033
해동지도,古大4709-41,GR33469_00,은진현,GM33469IL0006_043.jpg,향교,1062,1523,1171,1569
해동지도,古大4709-41,GR33469_00,은진현,GM33469IL0006_043.jpg,화산면,514,2040,580,2156
해동지도,古大4709-41,GR33469_00,은진현,GM33469IL0006_043.jpg,화지산면,714,1025,781,1167
해동지도,古大4709-41,GR33469_00,은진현,GM33469IL0006_043.jpg,황화산,605,1136,659,1253
해동지도,古大4709-41,GR33469_00,이산현,GM33469IL0006_044.jpg,객사,911,2108,1005,2163
해동지도,古大4709-41,GR33469_00,이산현,GM33469IL0006_044.jpg,계룡산,1443,1702,1571,1759
해동지도,古大4709-41,GR33469_00,이산현,GM33469IL0006_044.jpg,고성,747,1614,832,1669
해동지도,古大4709-41,GR33469_00,이산현,GM33469IL0006_044.jpg,공자영당,1267,1923,1350,2071
해동지도,古大4709-41,GR33469_00,이산현,GM33469IL0006_044.jpg,광석면,642,2768,679,2880
해동지도,古大4709-41,GR33469_00,이산현,GM33469IL0006_044.jpg,노강서원,482,2339,598,2480
해동지도,古大4709-41,GR33469_00,이산현,GM33469IL0006_044.jpg,노성산,795,1491,858,1590
해동지도,古大4709-41,GR33469_00,이산현,GM33469IL0006_044.jpg,논교,535,2949,594,3039
해동지도,古大4709-41,GR33469_00,이산현,GM33469IL0006_044.jpg,두사면,1003,2441,1086,2507
해동지도,古大4709-41,GR33469_00,이산현,GM33469IL0006_044.jpg,득윤면,329,2464,385,2619
해동지도,古大4709-41,GR33469_00,이산현,GM33469IL0006_044.jpg,봉대,920,1607,981,1684
해동지도,古大4709-41,GR33469_00,이산현,GM33469IL0006_044.jpg,비룡산,512,2083,611,2144
해동지도,古大4709-41,GR33469_00,이산현,GM33469IL0006_044.jpg,상도면,1469,2099,1527,2219
해동지도,古大4709-41,GR33469_00,이산현,GM33469IL0006_044.jpg,석교,1427,2139,1466,2226
해동지도,古大4709-41,GR33469_00,이산현,GM33469IL0006_044.jpg,소사면,127,1969,174,2119
해동지도,古大4709-41,GR33469_00,이산현,GM33469IL0006_044.jpg,아사,844,1960,945,2015
해동지도,古大4709-41,GR33469_00,이산현,GM33469IL0006_044.jpg,오산,363,2766,419,2861
해동지도,古大4709-41,GR33469_00,이산현,GM33469IL0006_044.jpg,우교,255,2029,304,2128
해동지도,古大4709-41,GR33469_00,이산현,GM33469IL0006_044.jpg,월우동면,1310,2044,1378,2182
해동지도,古大4709-41,GR33469_00,이산현,GM33469IL0006_044.jpg,읍내면,985,2195,1031,2326
해동지도,古大4709-41,GR33469_00,이산현,GM33469IL0006_044.jpg,장척동면,597,2376,649,2539
해동지도,古大4709-41,GR33469_00,이산현,GM33469IL0006_044.jpg,죽산,547,2717,650,2767
해동지도,古大4709-41,GR33469_00,이산현,GM33469IL0006_044.jpg,천동면,956,2549,1011,2639
해동지도,古大4709-41,GR33469_00,이산현,GM33469IL0006_044.jpg,초포교,884,2862,934,3006
해동지도,古大4709-41,GR33469_00,이산현,GM33469IL0006_044.jpg,판치령,1181,1332,1236,1439
해동지도,古大4709-41,GR33469_00,이산현,GM33469IL0006_044.jpg,평지요해,1353,1646,1429,1791
해동지도,古大4709-41,GR33469_00,이산현,GM33469IL0006_044.jpg,하도면,1487,2311,1548,2453
해동지도,古大4709-41,GR33469_00,이산현,GM33469IL0006_044.jpg,해창,318,3049,376,3146
해동지도,古大4709-41,GR33469_00,이산현,GM33469IL0006_044.jpg,화곡면,557,1541,656,1624
해동지도,古大4709-41,GR33469_00,진산군,GM33469IL0007_017.jpg,객사,518,2245,624,2301
해동지도,古大4709-41,GR33469_00,진산군,GM33469IL0007_017.jpg,거치,1223,1923,1299,2029
해동지도,古大4709-41,GR33469_00,진산군,GM33469IL0007_017.jpg,국치험애,1672,1028,1778,1116
해동지도,古大4709-41,GR33469_00,진산군,GM33469IL0007_017.jpg,남면,792,2596,869,2702
해동지도,古大4709-41,GR33469_00,진산군,GM33469IL0007_017.jpg,남암정리,1648,2385,1768,2542
해동지도,古大4709-41,GR33469_00,진산군,GM33469IL0007_017.jpg,대둔산,194,1865,286,1925
해동지도,古大4709-41,GR33469_00,진산군,GM33469IL0007_017.jpg,대둔암,176,2177,292,2265
해동지도,古大4709-41,GR33469_00,진산군,GM33469IL0007_017.jpg,동이면,1493,1439,1579,1585
해동지도,古大4709-41,GR33469_00,진산군,GM33469IL0007_017.jpg,동일면,1185,2025,1275,2163
해동지도,古大4709-41,GR33469_00,진산군,GM33469IL0007_017.jpg,만목치,630,1901,696,2015
해동지도,古大4709-41,GR33469_00,진산군,GM33469IL0007_017.jpg,만이산,1153,864,1225,968
해동지도,古大4709-41,GR33469_00,진산군,GM33469IL0007_017.jpg,미륵사,1085,1044,1201,1106
해동지도,古大4709-41,GR33469_00,진산군,GM33469IL0007_017.jpg,방고치,368,1719,440,1859
해동지도,古大4709-41,GR33469_00,진산군,GM33469IL0007_017.jpg,북면,1083,1271,1175,1367
해동지도,古大4709-41,GR33469_00,진산군,GM33469IL0007_017.jpg,삽치,1606,2005,1674,2105
해동지도,古大4709-41,GR33469_00,진산군,GM33469IL0007_017.jpg,서대사,1616,1218,1730,1287
해동지도,古大4709-41,GR33469_00,진산군,GM33469IL0007_017.jpg,서대산,1712,1126,1810,1184
해동지도,古大4709-41,GR33469_00,진산군,GM33469IL0007_017.jpg,서면,839,1721,923,1819
해동지도,古大4709-41,GR33469_00,진산군,GM33469IL0007_017.jpg,송원치,961,2988,1037,3142
해동지도,古大4709-41,GR33469_00,진산군,GM33469IL0007_017.jpg,수심대,1061,1859,1135,2009
해동지도,古大4709-41,GR33469_00,진산군,GM33469IL0007_017.jpg,신치,1067,1134,1127,1222
해동지도,古大4709-41,GR33469_00,진산군,GM33469IL0007_017.jpg,아사,602,2163,698,2235
해동지도,古大4709-41,GR33469_00,진산군,GM33469IL0007_017.jpg,오대산,152,2451,292,2516
해동지도,古大4709-41,GR33469_00,진산군,GM33469IL0007_017.jpg,요월루,650,2285,758,2347
해동지도,古大4709-41,GR33469_00,진산군,GM33469IL0007_017.jpg,이치험애,6,2297,130,2401
해동지도,古大4709-41,GR33469_00,진산군,GM33469IL0007_017.jpg,인대봉,760,2824,833,2968
해동지도,古大4709-41,GR33469_00,진산군,GM33469IL0007_017.jpg,창,604,2343,670,2401
해동지도,古大4709-41,GR33469_00,진산군,GM33469IL0007_017.jpg,천비산,1319,1307,1427,1367
해동지도,古大4709-41,GR33469_00,진산군,GM33469IL0007_017.jpg,태조대왕태봉,1289,1647,1509,1731
해동지도,古大4709-41,GR33469_00,진산군,GM33469IL0007_017.jpg,향교,819,1943,935,2011
해동지도,古大4709-41,GR33469_00,진잠현,GM33469IL0006_025.jpg,객사,1288,2076,1383,2136
해동지도,古大4709-41,GR33469_00,진잠현,GM33469IL0006_025.jpg,계룡산,2267,1357,2345,1520
해동지도,古大4709-41,GR33469_00,진잠현,GM33469IL0006_025.jpg,구봉산,683,1989,754,2107
해동지도,古大4709-41,GR33469_00,진잠현,GM33469IL0006_025.jpg,대천,695,2851,813,2914
해동지도,古大4709-41,GR33469_00,진잠현,GM33469IL0006_025.jpg,동면,1049,2582,1120,2707
해동지도,古大4709-41,GR33469_00,진잠현,GM33469IL0006_025.jpg,북면,2080,2237,2147,2340
해동지도,古大4709-41,GR33469_00,진잠현,GM33469IL0006_025.jpg,산장산,1885,1936,2017,1989
해동지도,古大4709-41,GR33469_00,진잠현,GM33469IL0006_025.jpg,상남면,357,2000,420,2136
해동지도,古大4709-41,GR33469_00,진잠현,GM33469IL0006_025.jpg,서면,1872,1761,1925,1852
해동지도,古大4709-41,GR33469_00,진잠현,GM33469IL0006_025.jpg,소요정,414,1557,543,1613
해동지도,古大4709-41,GR33469_00,진잠현,GM33469IL0006_025.jpg,아사,1256,1948,1349,1999
해동지도,古大4709-41,GR33469_00,진잠현,GM33469IL0006_025.jpg,약사봉,799,1495,961,1570
해동지도,古大4709-41,GR33469_00,진잠현,GM33469IL0006_025.jpg,연정,1076,1946,1224,1998
해동지도,古大4709-41,GR33469_00,진잠현,GM33469IL0006_025.jpg,옥산,839,2038,939,2094
해동지도,古大4709-41,GR33469_00,진잠현,GM33469IL0006_025.jpg,하남면,437,1366,504,1519
해동지도,古大4709-41,GR33469_00,진잠현,GM33469IL0006_025.jpg,학운사,2155,1827,2248,1879
해동지도,古大4709-41,GR33469_00,진잠현,GM33469IL0006_025.jpg,향교,1578,1957,1675,2022
해동지도,古大4709-41,GR33469_00,청주목,GM33469IL0006_012.jpg,객사,1049,1717,1148,1761
해동지도,古大4709-41,GR33469_00,청주목,GM33469IL0006_012.jpg,거질대령,1363,1876,1410,1995
해동지도,古大4709-41,GR33469_00,청주목,GM33469IL0006_012.jpg,거질대봉,1544,1817,1620,1912
해동지도,古大4709-41,GR33469_00,청주목,GM33469IL0006_012.jpg,공림사,2111,2020,2213,2068
해동지도,古大4709-41,GR33469_00,청주목,GM33469IL0006_012.jpg,금성창,364,2152,418,2238
해동지도,古大4709-41,GR33469_00,청주목,GM33469IL0006_012.jpg,기암서원,593,1582,672,1653
해동지도,古大4709-41,GR33469_00,청주목,GM33469IL0006_012.jpg,남석교,1195,1941,1313,1990
해동지도,古大4709-41,GR33469_00,청주목,GM33469IL0006_012.jpg,남이면,1188,2143,1241,2240
해동지도,古大4709-41,GR33469_00,청주목,GM33469IL0006_012.jpg,남일면,1593,2096,1638,2173
해동지도,古大4709-41,GR33469_00,청주목,GM33469IL0006_012.jpg,남주내면,1288,1646,1340,1785
해동지도,古大4709-41,GR33469_00,청주목,GM33469IL0006_012.jpg,남차이면,926,2276,1017,2352
해동지도,古大4709-41,GR33469_00,청주목,GM33469IL0006_012.jpg,덕평면,231,1870,297,2003
해동지도,古大4709-41,GR33469_00,청주목,GM33469IL0006_012.jpg,도명사,2087,1690,2205,1745
해동지도,古大4709-41,GR33469_00,청주목,GM33469IL0006_012.jpg,동림사,343,2271,400,2363
해동지도,古大4709-41,GR33469_00,청주목,GM33469IL0006_012.jpg,동진,762,2592,811,2688
해동지도,古大4709-41,GR33469_00,청주목,GM33469IL0006_012.jpg,두타산,839,804,985,852
해동지도,古大4709-41,GR33469_00,청주목,GM33469IL0006_012.jpg,망덕산,561,1804,620,1924
해동지도,古大4709-41,GR33469_00,청주목,GM33469IL0006_012.jpg,무심천,788,1355,912,1396
해동지도,古大4709-41,GR33469_00,청주목,GM33469IL0006_012.jpg,백록서원,592,2468,682,2537
해동지도,古大4709-41,GR33469_00,청주목,GM33469IL0006_012.jpg,백아성,1602,1018,1658,1102
해동지도,古大4709-41,GR33469_00,청주목,GM33469IL0006_012.jpg,병영,1052,1845,1136,1884
해동지도,古大4709-41,GR33469_00,청주목,GM33469IL0006_012.jpg,보살사,1365,2076,1463,2137
해동지도,古大4709-41,GR33469_00,청주목,GM33469IL0006_012.jpg,본관,1186,1712,1269,1755
해동지도,古大4709-41,GR33469_00,청주목,GM33469IL0006_012.jpg,봉계서원,1633,2110,1691,2229
해동지도,古大4709-41,GR33469_00,청주목,GM33469IL0006_012.jpg,봉림수,761,1509,916,1561
해동지도,古大4709-41,GR33469_00,청주목,GM33469IL0006_012.jpg,북강내이면,972,1054,1029,1193
해동지도,古大4709-41,GR33469_00,청주목,GM33469IL0006_012.jpg,북강내일면,869,1251,1037,1311
해동지도,古大4709-41,GR33469_00,청주목,GM33469IL0006_012.jpg,북강외이면,468,1349,552,1470
해동지도,古大4709-41,GR33469_00,청주목,GM33469IL0006_012.jpg,북강외일면,665,1347,711,1459
해동지도,古大4709-41,GR33469_00,청주목,GM33469IL0006_012.jpg,북주내면,1103,1521,1198,1588
해동지도,古大4709-41,GR33469_00,청주목,GM33469IL0006_012.jpg,산내이면,1668,1671,1722,1776
해동지도,古大4709-41,GR33469_00,청주목,GM33469IL0006_012.jpg,산내일면,1569,1496,1617,1587
해동지도,古大4709-41,GR33469_00,청주목,GM33469IL0006_012.jpg,산외이면,1045,887,1200,933
해동지도,古大4709-41,GR33469_00,청주목,GM33469IL0006_012.jpg,삼일치,2142,2527,2202,2626
해동지도,古大4709-41,GR33469_00,청주목,GM33469IL0006_012.jpg,상당산성,1482,1644,1572,1726
해동지도,古大4709-41,GR33469_00,청주목,GM33469IL0006_012.jpg,상산,532,800,586,882
해동지도,古大4709-41,GR33469_00,청주목,GM33469IL0006_012.jpg,서강내이면,916,2415,974,2547
해동지도,古大4709-41,GR33469_00,청주목,GM33469IL0006_012.jpg,서강내일면,751,2133,812,2242
해동지도,古大4709-41,GR33469_00,청주목,GM33469IL0006_012.jpg,서강외이면,459,2282,552,2380
해동지도,古大4709-41,GR33469_00,청주목,GM33469IL0006_012.jpg,서강외일면,480,2061,533,2197
해동지도,古大4709-41,GR33469_00,청주목,GM33469IL0006_012.jpg,서원,1611,1563,1652,1621
해동지도,古大4709-41,GR33469_00,청주목,GM33469IL0006_012.jpg,서원,1948,1432,1987,1498
해동지도,古大4709-41,GR33469_00,청주목,GM33469IL0006_012.jpg,서주내면,895,1579,948,1702
해동지도,古大4709-41,GR33469_00,청주목,GM33469IL0006_012.jpg,선유동,2123,1194,2178,1307
해동지도,古大4709-41,GR33469_00,청주목,GM33469IL0006_012.jpg,소구치,2330,2238,2379,2338
해동지도,古大4709-41,GR33469_00,청주목,GM33469IL0006_012.jpg,속리산,2362,1989,2409,2079
해동지도,古大4709-41,GR33469_00,청주목,GM33469IL0006_012.jpg,송계서원,729,1972,826,2053
해동지도,古大4709-41,GR33469_00,청주목,GM33469IL0006_012.jpg,송천서원,531,2170,615,2238
해동지도,古大4709-41,GR33469_00,청주목,GM33469IL0006_012.jpg,수신면,373,1473,422,1575
해동지도,古大4709-41,GR33469_00,청주목,GM33469IL0006_012.jpg,신원창,586,1654,688,1687
해동지도,古大4709-41,GR33469_00,청주목,GM33469IL0006_012.jpg,쌍천,1656,1598,1721,1633
해동지도,古大4709-41,GR33469_00,청주목,GM33469IL0006_012.jpg,안심사,1021,2218,1126,2262
해동지도,古大4709-41,GR33469_00,청주목,GM33469IL0006_012.jpg,야양산,709,1723,841,1784
해동지도,古大4709-41,GR33469_00,청주목,GM33469IL0006_012.jpg,오공창,575,1428,668,1468
해동지도,古大4709-41,GR33469_00,청주목,GM33469IL0006_012.jpg,와우산,1451,1514,1510,1607
해동지도,古大4709-41,GR33469_00,청주목,GM33469IL0006_012.jpg,율봉역,1147,1298,1243,1381
해동지도,古大4709-41,GR33469_00,청주목,GM33469IL0006_012.jpg,인두산,1804,1767,1858,1874
해동지도,古大4709-41,GR33469_00,청주목,GM33469IL0006_012.jpg,저산역,815,2507,917,2550
해동지도,古大4709-41,GR33469_00,청주목,GM33469IL0006_012.jpg,주안면,1673,2659,1741,2830
해동지도,古大4709-41,GR33469_00,청주목,GM33469IL0006_012.jpg,주안창,1588,2690,1636,2810
해동지도,古大4709-41,GR33469_00,청주목,GM33469IL0006_012.jpg,중영,1311,1861,1377,1901
해동지도,古大4709-41,GR33469_00,청주목,GM33469IL0006_012.jpg,창,1520,1734,1559,1772
해동지도,古大4709-41,GR33469_00,청주목,GM33469IL0006_012.jpg,청석교,1689,1898,1751,2007
해동지도,古大4709-41,GR33469_00,청주목,GM33469IL0006_012.jpg,청천면,1730,1300,1783,1406
해동지도,古大4709-41,GR33469_00,청주목,GM33469IL0006_012.jpg,청천창,1470,1165,1550,1241
해동지도,古大4709-41,GR33469_00,청주목,GM33469IL0006_012.jpg,향교,1329,1629,1417,1672
해동지도,古大4709-41,GR33469_00,청주목,GM33469IL0006_012.jpg,화양동,2038,1427,2107,1496
해동지도,古大4709-41,GR33469_00,청주목,GM33469IL0006_012.jpg,화항서원,1508,2022,1594,2101
해동지도,古大4709-41,GR33469_00,청주목,GM33469IL0006_012.jpg,환장암,1934,1184,2010,1263
해동지도,古大4709-41,GR33469_00,회덕현,GM33469IL0006_024.jpg,갑천,1039,2549,1101,2644
해동지도,古大4709-41,GR33469_00,회덕현,GM33469IL0006_024.jpg,객사,990,2221,1082,2273
해동지도,古大4709-41,GR33469_00,회덕현,GM33469IL0006_024.jpg,계족산,1108,1344,1181,1405
해동지도,古大4709-41,GR33469_00,회덕현,GM33469IL0006_024.jpg,계족산,1174,1756,1217,1842
해동지도,古大4709-41,GR33469_00,회덕현,GM33469IL0006_024.jpg,계치,2050,2333,2120,2439
해동지도,古大4709-41,GR33469_00,회덕현,GM33469IL0006_024.jpg,내남면,1499,1764,1559,1847
해동지도,古大4709-41,GR33469_00,회덕현,GM33469IL0006_024.jpg,동면,1518,1380,1598,1491
해동지도,古大4709-41,GR33469_00,회덕현,GM33469IL0006_024.jpg,동치,1279,1442,1344,1544
해동지도,古大4709-41,GR33469_00,회덕현,GM33469IL0006_024.jpg,미호서원,1032,1130,1127,1224
해동지도,古大4709-41,GR33469_00,회덕현,GM33469IL0006_024.jpg,민전역,317,1781,372,1903
해동지도,古大4709-41,GR33469_00,회덕현,GM33469IL0006_024.jpg,봉대,993,1298,1081,1354
해동지도,古大4709-41,GR33469_00,회덕현,GM33469IL0006_024.jpg,봉은암,1122,1757,1176,1871
해동지도,古大4709-41,GR33469_00,회덕현,GM33469IL0006_024.jpg,북면,778,1179,840,1271
해동지도,古大4709-41,GR33469_00,회덕현,GM33469IL0006_024.jpg,사직단,714,1792,819,1863
해동지도,古大4709-41,GR33469_00,회덕현,GM33469IL0006_024.jpg,삼정,1742,1749,1787,1815
해동지도,古大4709-41,GR33469_00,회덕현,GM33469IL0006_024.jpg,삼정동,1200,1147,1318,1202
해동지도,古大4709-41,GR33469_00,회덕현,GM33469IL0006_024.jpg,서림,1117,2227,1205,2283
해동지도,古大4709-41,GR33469_00,회덕현,GM33469IL0006_024.jpg,선암,615,2001,670,2097
해동지도,古大4709-41,GR33469_00,회덕현,GM33469IL0006_024.jpg,숭현서원,124,2041,185,2197
해동지도,古大4709-41,GR33469_00,회덕현,GM33469IL0006_024.jpg,식장산,1871,1915,2002,1998
해동지도,古大4709-41,GR33469_00,회덕현,GM33469IL0006_024.jpg,아사,952,2011,1053,2072
해동지도,古大4709-41,GR33469_00,회덕현,GM33469IL0006_024.jpg,애송치,375,1367,436,1533
해동지도,古大4709-41,GR33469_00,회덕현,GM33469IL0006_024.jpg,양정,1364,2398,1469,2460
해동지도,古大4709-41,GR33469_00,회덕현,GM33469IL0006_024.jpg,외남면,1872,2120,1951,2290
해동지도,古大4709-41,GR33469_00,회덕현,GM33469IL0006_024.jpg,용호서원,957,1064,1021,1224
해동지도,古大4709-41,GR33469_00,회덕현,GM33469IL0006_024.jpg,우치령,2256,1335,2407,1415
해동지도,古大4709-41,GR33469_00,회덕현,GM33469IL0006_024.jpg,읍호정,1032,2454,1152,2527
해동지도,古大4709-41,GR33469_00,회덕현,GM33469IL0006_024.jpg,일도면,1322,1183,1377,1304
해동지도,古大4709-41,GR33469_00,회덕현,GM33469IL0006_024.jpg,자전현,1272,2145,1326,2241
해동지도,古大4709-41,GR33469_00,회덕현,GM33469IL0006_024.jpg,자현,1471,2263,1528,2348
해동지도,古大4709-41,GR33469_00,회덕현,GM33469IL0006_024.jpg,정절서원,1528,1722,1635,1868
해동지도,古大4709-41,GR33469_00,회덕현,GM33469IL0006_024.jpg,조산,794,2160,856,2250
해동지도,古大4709-41,GR33469_00,회덕현,GM33469IL0006_024.jpg,주산,1432,1495,1489,1574
해동지도,古大4709-41,GR33469_00,회덕현,GM33469IL0006_024.jpg,지,298,1997,357,2043
해동지도,古大4709-41,GR33469_00,회덕현,GM33469IL0006_024.jpg,지,1618,1969,1685,2030
해동지도,古大4709-41,GR33469_00,회덕현,GM33469IL0006_024.jpg,질치,1299,1786,1368,1848
해동지도,古大4709-41,GR33469_00,회덕현,GM33469IL0006_024.jpg,창,1203,1994,1260,2045
해동지도,古大4709-41,GR33469_00,회덕현,GM33469IL0006_024.jpg,향교,818,1801,923,1863
해동지도,古大4709-41,GR33469_00,회덕현,GM33469IL0006_024.jpg,현내면,523,1941,586,2063
해동지도,古大4709-41,GR33469_00,회인현,GM33469IL0007_012.jpg,가산,1714,2308,1795,2407
해동지도,古大4709-41,GR33469_00,회인현,GM33469IL0007_012.jpg,객사,1199,1677,1279,1791
해동지도,古大4709-41,GR33469_00,회인현,GM33469IL0007_012.jpg,남면,1586,2280,1672,2397
해동지도,古大4709-41,GR33469_00,회인현,GM33469IL0007_012.jpg,노령,2262,1972,2334,2126
해동지도,古大4709-41,GR33469_00,회인현,GM33469IL0007_012.jpg,노성산,1909,2178,2084,2264
해동지도,古大4709-41,GR33469_00,회인현,GM33469IL0007_012.jpg,동면,1939,1867,2061,1946
해동지도,古大4709-41,GR33469_00,회인현,GM33469IL0007_012.jpg,마전암,1943,2098,2110,2186
해동지도,古大4709-41,GR33469_00,회인현,GM33469IL0007_012.jpg,묵령,687,1529,770,1655
해동지도,古大4709-41,GR33469_00,회인현,GM33469IL0007_012.jpg,사단,1283,1463,1438,1545
해동지도,古大4709-41,GR33469_00,회인현,GM33469IL0007_012.jpg,서면,736,2006,814,2114
해동지도,古大4709-41,GR33469_00,회인현,GM33469IL0007_012.jpg,아미산,1718,1557,1905,1657
해동지도,古大4709-41,GR33469_00,회인현,GM33469IL0007_012.jpg,아사,1057,1727,1135,1839
해동지도,古大4709-41,GR33469_00,회인현,GM33469IL0007_012.jpg,여단,1506,1545,1602,1661
해동지도,古大4709-41,GR33469_00,회인현,GM33469IL0007_012.jpg,옥녀봉,1133,1910,1331,2002
해동지도,古大4709-41,GR33469_00,회인현,GM33469IL0007_012.jpg,외강면,1353,2483,1436,2613
해동지도,古大4709-41,GR33469_00,회인현,GM33469IL0007_012.jpg,읍내면,1357,1589,1434,1747
해동지도,古大4709-41,GR33469_00,회인현,GM33469IL0007_012.jpg,차령,2288,1819,2390,1964
해동지도,古大4709-41,GR33469_00,회인현,GM33469IL0007_012.jpg,풍암,860,2491,1059,2585
해동지도,古大4709-41,GR33469_00,회인현,GM33469IL0007_012.jpg,피반령,1430,1024,1510,1168
해동지도,古大4709-41,GR33469_00,회인현,GM33469IL0007_012.jpg,향교,1710,1791,1847,1877
해동지도,古大4709-41,GR33469_00,회인현,GM33469IL0007_012.jpg,호엽산성,904,2112,1097,2218
